asset_id;tipo_asset;area_geografica;eta_anni;temperatura_media;vibrazione_indice;carico_pct;umidita_media;manutenzioni_ultimi_5anni;giorni_da_ultima_manutenzione;criticita_utenza;guasto_entro_30gg
AST-00001;linea_AT;Sud;19;50,8;1,98;33,6;59,3;3;356;standard;1
AST-00002;linea_AT;Centro;13;27,9;2,05;90,3;67,3;2;163;alta;0
AST-00003;linea_AT;Sud;19;53,8;3,56;83,8;61,8;5;300;alta;0
AST-00004;cabina_primaria;Sud;19;53,2;1,58;49,4;62,0;3;341;alta;0
AST-00005;cabina_primaria;Nord;6;41,4;3,17;73,2;37,3;5;15;standard;0
AST-00006;trasformatore;Isole;16;40,9;2,29;89,6;69,3;0;500;alta;1
AST-00007;linea_AT;Sud;22;14,1;2,57;92,4;78,4;3;513;standard;0
AST-00008;trasformatore;Sud;19;30,8;1,87;60,7;76,3;1;354;standard;0
AST-00009;trasformatore;Nord;21;46,7;1,42;28,2;75,3;3;213;standard;0
AST-00010;cabina_primaria;Centro;19;52,8;1,89;51,8;61,3;5;296;standard;0
AST-00011;linea_AT;Nord;16;48,6;1,83;81,8;64,0;6;54;standard;0
AST-00012;cabina_primaria;Isole;21;41,3;0,23;100,0;78,7;1;454;alta;0
AST-00013;turbina_eolica;Centro;16;59,3;6,08;67,0;74,1;3;176;standard;1
AST-00014;turbina_eolica;Sud;25;51,0;2,44;57,1;82,8;2;523;critica;0
AST-00015;turbina_eolica;Centro;21;38,5;3,54;100,0;52,6;4;195;standard;1
AST-00016;trasformatore;Nord;13;61,6;2,03;75,3;52,5;1;233;standard;1
AST-00017;trasformatore;Centro;23;32,1;1,11;45,9;57,3;5;196;standard;0
AST-00018;turbina_eolica;Nord;14;28,8;3,06;65,9;48,8;5;336;standard;0
AST-00019;trasformatore;Sud;28;38,2;0,39;86,0;43,5;3;299;standard;0
AST-00020;cabina_primaria;Centro;14;35,2;2,51;66,7;68,6;4;303;standard;0
AST-00021;trasformatore;Sud;12;38,7;3,04;82,3;67,6;2;390;standard;0
AST-00022;trasformatore;Nord;16;49,2;1,56;39,1;65,4;3;192;standard;0
AST-00023;linea_AT;Isole;29;41,7;2,34;42,2;67,0;0;398;standard;0
AST-00024;trasformatore;Isole;28;41,9;0,24;54,8;41,5;3;327;standard;0
AST-00025;cabina_primaria;Sud;26;42,5;2,41;62,9;55,3;1;133;standard;0
AST-00026;linea_AT;Nord;12;21,2;1,28;74,0;57,9;6;246;standard;0
AST-00027;trasformatore;Centro;12;28,4;2,35;79,5;62,7;1;171;standard;0
AST-00028;linea_AT;Nord;17;38,5;1,61;100,0;41,6;8;254;alta;0
AST-00029;linea_AT;Nord;17;34,4;1,6;54,7;49,0;3;188;standard;0
AST-00030;linea_AT;Sud;20;39,9;2,4;62,3;55,9;3;436;alta;0
AST-00031;cabina_primaria;Sud;30;54,6;1,32;55,2;76,8;0;404;alta;0
AST-00032;linea_AT;Isole;20;41,3;1,56;87,4;65,7;2;183;standard;0
AST-00033;linea_AT;Nord;10;30,1;5,28;88,4;76,3;1;209;alta;1
AST-00034;trasformatore;Nord;24;34,9;3,7;59,9;60,3;1;133;alta;0
AST-00035;linea_AT;Centro;22;57,4;1,42;100,0;62,0;5;303;alta;0
AST-00036;cabina_primaria;Nord;12;55,8;1,64;55,2;69,0;6;207;alta;0
AST-00037;linea_AT;Nord;16;47,4;1,05;86,5;59,5;0;208;standard;0
AST-00038;linea_AT;Centro;18;27,9;1,28;94,2;53,3;6;188;standard;0
AST-00039;turbina_eolica;Nord;1;44,8;1,33;43,5;41,1;6;87;standard;0
AST-00040;linea_AT;Sud;18;45,5;1,8;78,4;53,6;0;305;alta;1
AST-00041;cabina_primaria;Centro;17;42,2;0,27;18,9;73,7;3;66;standard;0
AST-00042;trasformatore;Sud;21;36,9;1,25;82,8;79,6;2;293;standard;0
AST-00043;trasformatore;Sud;24;38,7;1,1;48,2;51,2;5;223;critica;0
AST-00044;turbina_eolica;Nord;21;36,2;4,02;78,2;37,7;0;45;standard;1
AST-00045;turbina_eolica;Sud;21;31,7;1,62;81,6;75,0;1;349;standard;0
AST-00046;linea_AT;Sud;17;54,3;1,98;88,2;63,0;1;383;standard;1
AST-00047;trasformatore;Centro;19;49,9;1,23;84,0;43,1;5;207;standard;0
AST-00048;turbina_eolica;Nord;12;39,4;1,63;69,0;18,4;5;120;standard;0
AST-00049;linea_AT;Sud;22;45,2;1,28;61,2;48,5;2;264;standard;0
AST-00050;linea_AT;Nord;12;45,5;1,82;66,7;55,5;6;135;critica;0
AST-00051;linea_AT;Nord;27;63,1;2,34;47,9;45,9;4;94;standard;1
AST-00052;linea_AT;Nord;1;49,9;0,57;64,2;71,7;4;155;standard;0
AST-00053;linea_AT;Sud;21;49,5;2,56;62,8;50,6;3;218;alta;1
AST-00054;linea_AT;Sud;23;42,3;0,8;53,8;62,2;2;396;standard;0
AST-00055;linea_AT;Sud;18;38,1;5,4;36,7;95,2;4;295;standard;1
AST-00056;turbina_eolica;Sud;28;54,4;1,8;45,0;63,6;3;370;standard;1
AST-00057;linea_AT;Centro;22;47,9;1,96;11,3;60,4;0;281;alta;0
AST-00058;trasformatore;Centro;17;34,5;2,01;62,5;60,7;1;236;standard;0
AST-00059;trasformatore;Nord;12;46,1;1,72;74,5;71,4;7;224;alta;0
AST-00060;turbina_eolica;Nord;13;49,5;0,97;19,7;69,6;2;15;alta;0
AST-00061;cabina_primaria;Sud;22;23,1;1,96;72,3;48,0;2;301;alta;0
AST-00062;linea_AT;Centro;17;33,7;1,89;65,8;56,2;8;298;standard;0
AST-00063;trasformatore;Centro;16;45,3;0,88;46,8;52,7;6;251;alta;0
AST-00064;linea_AT;Sud;25;24,7;0,57;60,2;58,0;0;488;standard;0
AST-00065;trasformatore;Centro;22;26,1;3,05;86,9;87,6;2;346;standard;0
AST-00066;linea_AT;Centro;10;39,6;1,25;50,5;70,6;3;234;standard;0
AST-00067;cabina_primaria;Centro;11;46,4;1,48;69,4;60,9;2;190;standard;0
AST-00068;linea_AT;Nord;4;46,8;1,89;74,2;79,4;2;83;critica;0
AST-00069;linea_AT;Nord;19;56,2;0,95;53,2;64,6;5;122;standard;0
AST-00070;trasformatore;Centro;19;42,7;2,08;86,1;39,1;6;177;standard;0
AST-00071;turbina_eolica;Nord;17;38,6;1,53;75,3;85,3;1;113;standard;0
AST-00072;cabina_primaria;Centro;8;30,2;1,64;63,5;59,8;0;137;standard;0
AST-00073;linea_AT;Sud;34;38,5;3,44;100,0;30,4;3;372;alta;1
AST-00074;turbina_eolica;Nord;10;48,4;1,84;86,2;39,6;7;296;standard;0
AST-00075;turbina_eolica;Nord;15;48,8;1,43;37,6;77,8;3;235;alta;0
AST-00076;trasformatore;Nord;19;44,4;0,74;61,0;39,8;4;134;standard;0
AST-00077;trasformatore;Nord;8;46,9;2,01;100,0;80,9;3;241;critica;0
AST-00078;trasformatore;Sud;20;53,5;2,97;50,3;63,1;2;368;alta;1
AST-00079;turbina_eolica;Centro;18;42,7;1,45;69,2;72,0;0;207;standard;0
AST-00080;cabina_primaria;Sud;40;54,3;2,95;90,2;58,4;1;332;alta;1
AST-00081;turbina_eolica;Sud;25;35,5;2,02;79,7;69,3;2;324;standard;0
AST-00082;trasformatore;Centro;27;41,3;1,75;82,3;66,4;4;262;standard;0
AST-00083;trasformatore;Sud;30;37,7;2,19;81,3;61,5;3;351;standard;0
AST-00084;trasformatore;Nord;16;49,1;0,59;68,5;47,1;9;102;standard;0
AST-00085;cabina_primaria;Nord;8;32,9;1,27;53,7;67,0;5;98;critica;0
AST-00086;turbina_eolica;Nord;20;39,1;1,3;75,8;36,6;7;184;alta;0
AST-00087;linea_AT;Sud;14;25,3;1,49;60,8;75,0;4;374;standard;0
AST-00088;cabina_primaria;Centro;27;47,3;4,85;59,3;64,8;1;185;critica;1
AST-00089;trasformatore;Nord;15;53,2;1,79;94,7;68,5;4;69;standard;0
AST-00090;linea_AT;Centro;1;50,2;0,51;61,1;25,4;5;310;standard;0
AST-00091;cabina_primaria;Nord;12;49,3;1,05;98,7;46,2;0;243;alta;0
AST-00092;turbina_eolica;Sud;27;49,6;1,64;72,6;54,9;3;181;standard;0
AST-00093;trasformatore;Centro;16;48,3;1,84;65,1;71,4;2;317;alta;1
AST-00094;cabina_primaria;Centro;21;47,5;0,1;35,3;48,8;3;193;standard;0
AST-00095;cabina_primaria;Nord;9;48,1;2,32;100,0;97,7;5;175;standard;0
AST-00096;turbina_eolica;Centro;9;36,1;2,39;67,9;58,3;1;301;standard;0
AST-00097;linea_AT;Nord;14;40,2;0,71;27,1;47,8;7;292;standard;0
AST-00098;trasformatore;Nord;14;42,6;2,91;85,8;59,4;5;240;standard;0
AST-00099;cabina_primaria;Nord;12;39,0;1,44;67,1;48,7;6;179;standard;0
AST-00100;turbina_eolica;Isole;32;27,9;0,83;51,2;45,4;5;270;standard;0
AST-00101;trasformatore;Isole;20;30,9;0,67;84,8;76,2;2;218;alta;0
AST-00102;linea_AT;Sud;25;44,1;2,29;22,1;69,2;3;410;standard;0
AST-00103;cabina_primaria;Nord;14;50,2;1,1;55,1;69,2;1;267;standard;0
AST-00104;cabina_primaria;Isole;16;42,1;1,97;62,6;79,9;2;315;standard;0
AST-00105;trasformatore;Sud;15;66,9;0,65;83,3;68,8;2;318;standard;0
AST-00106;trasformatore;Sud;23;33,7;1,31;100,0;47,1;1;295;standard;0
AST-00107;cabina_primaria;Centro;29;46,0;2,19;63,6;71,9;3;163;standard;1
AST-00108;cabina_primaria;Nord;17;53,6;3,37;76,3;46,2;4;246;standard;0
AST-00109;turbina_eolica;Nord;4;51,6;3,61;100,0;55,3;5;177;critica;0
AST-00110;linea_AT;Isole;6;47,9;3,33;68,1;61,4;1;362;standard;1
AST-00111;turbina_eolica;Centro;21;51,6;7,16;76,4;59,9;5;423;standard;1
AST-00112;turbina_eolica;Nord;13;42,5;1,99;45,7;36,9;3;45;alta;0
AST-00113;trasformatore;Nord;21;57,0;0,64;100,0;48,5;3;204;standard;0
AST-00114;trasformatore;Centro;12;53,5;1,07;55,2;61,7;3;126;standard;0
AST-00115;trasformatore;Nord;16;34,3;3,55;72,8;53,5;4;147;standard;0
AST-00116;cabina_primaria;Sud;28;44,9;0,96;72,3;77,8;2;352;standard;0
AST-00117;trasformatore;Sud;20;28,1;0,07;69,5;80,2;5;408;alta;0
AST-00118;trasformatore;Sud;20;55,7;1,35;60,2;46,3;3;319;standard;0
AST-00119;turbina_eolica;Centro;17;44,0;2,87;72,3;62,8;5;181;alta;0
AST-00120;trasformatore;Centro;20;54,1;1,05;99,6;84,2;4;188;standard;0
AST-00121;trasformatore;Centro;17;41,0;3,66;100,0;60,1;2;124;alta;1
AST-00122;linea_AT;Centro;23;25,3;5,16;64,8;56,3;4;261;standard;1
AST-00123;turbina_eolica;Nord;11;65,7;1,96;59,9;74,0;1;183;alta;0
AST-00124;linea_AT;Centro;9;43,2;5,74;53,4;58,2;5;245;standard;1
AST-00125;cabina_primaria;Nord;26;33,0;4,35;100,0;79,8;5;154;standard;1
AST-00126;trasformatore;Centro;13;52,3;2,93;70,3;53,7;6;195;standard;0
AST-00127;cabina_primaria;Nord;11;60,3;2,15;88,1;55,4;4;254;critica;0
AST-00128;cabina_primaria;Nord;14;40,2;2,02;80,5;73,1;4;242;standard;0
AST-00129;cabina_primaria;Nord;14;41,1;1,57;100,0;63,4;5;273;standard;0
AST-00130;linea_AT;Centro;15;44,1;2,45;63,5;63,5;2;240;critica;0
AST-00131;linea_AT;Nord;14;32,0;0,26;48,1;35,3;5;268;alta;0
AST-00132;linea_AT;Isole;25;35,8;4,47;100,0;57,1;4;347;alta;1
AST-00133;linea_AT;Centro;18;58,0;5,8;84,3;74,1;3;194;standard;1
AST-00134;trasformatore;Nord;1;40,8;0,24;76,2;51,0;5;256;standard;0
AST-00135;cabina_primaria;Centro;28;34,5;2,82;95,6;71,8;3;277;critica;1
AST-00136;linea_AT;Nord;13;37,9;4,24;77,2;65,8;5;137;standard;0
AST-00137;linea_AT;Isole;28;51,7;1,83;96,3;59,2;0;296;alta;1
AST-00138;turbina_eolica;Centro;9;24,2;1,51;72,4;81,0;2;194;standard;0
AST-00139;trasformatore;Sud;20;44,3;1,27;84,2;57,2;2;285;critica;0
AST-00140;turbina_eolica;Nord;10;64,2;1,09;77,5;58,2;7;298;standard;0
AST-00141;turbina_eolica;Centro;26;60,3;2,08;62,1;59,0;4;271;standard;1
AST-00142;turbina_eolica;Centro;13;47,2;3,64;64,3;63,1;3;149;alta;0
AST-00143;trasformatore;Isole;30;53,8;0,29;60,9;72,7;0;296;critica;0
AST-00144;trasformatore;Centro;13;53,8;0,77;72,8;41,4;3;148;critica;0
AST-00145;turbina_eolica;Centro;14;40,9;1,03;59,8;74,2;1;165;standard;0
AST-00146;turbina_eolica;Nord;13;50,3;0,45;75,8;63,0;2;147;standard;0
AST-00147;cabina_primaria;Nord;22;58,1;2,61;75,2;69,8;5;249;alta;1
AST-00148;trasformatore;Centro;6;30,6;2,38;71,7;95,5;2;133;standard;0
AST-00149;trasformatore;Centro;9;47,2;3,05;72,0;54,8;2;393;standard;1
AST-00150;trasformatore;Nord;2;45,3;0,19;57,8;44,9;5;85;standard;0
AST-00151;turbina_eolica;Sud;16;42,9;2,81;62,9;64,7;3;227;standard;0
AST-00152;turbina_eolica;Isole;20;42,1;3,63;37,9;66,9;2;515;standard;1
AST-00153;linea_AT;Nord;4;44,1;2,65;65,8;74,2;8;266;standard;0
AST-00154;cabina_primaria;Centro;13;44,8;1,73;50,3;54,5;7;195;critica;0
AST-00155;trasformatore;Nord;2;52,1;1,55;69,8;50,4;7;191;alta;0
AST-00156;linea_AT;Sud;17;46,3;2,23;55,1;40,5;1;373;standard;0
AST-00157;trasformatore;Nord;21;40,4;2,05;31,1;42,9;0;171;standard;0
AST-00158;trasformatore;Sud;25;34,4;1,06;100,0;56,2;2;236;standard;0
AST-00159;turbina_eolica;Sud;24;37,7;0,21;63,8;60,4;0;141;alta;0
AST-00160;trasformatore;Sud;17;44,4;1,18;94,0;90,9;1;272;alta;0
AST-00161;linea_AT;Nord;5;35,6;5,38;58,5;38,3;3;305;standard;1
AST-00162;linea_AT;Isole;18;50,5;0,25;98,6;66,7;1;528;critica;0
AST-00163;linea_AT;Nord;14;45,9;2,02;47,3;51,8;6;139;standard;0
AST-00164;turbina_eolica;Nord;19;52,3;4,57;71,2;65,1;5;83;alta;0
AST-00165;linea_AT;Centro;22;36,3;3,1;48,3;54,3;4;232;critica;0
AST-00166;turbina_eolica;Nord;18;34,5;3,43;100,0;76,5;5;195;alta;0
AST-00167;trasformatore;Sud;19;52,2;3,17;63,5;76,4;3;388;standard;1
AST-00168;trasformatore;Sud;23;43,2;0,45;82,9;60,4;0;138;standard;0
AST-00169;linea_AT;Nord;12;40,2;4,05;76,1;82,1;3;413;standard;0
AST-00170;cabina_primaria;Isole;24;48,3;4,43;67,5;72,6;6;471;standard;1
AST-00171;trasformatore;Nord;26;48,0;0,6;77,3;81,5;11;144;standard;0
AST-00172;linea_AT;Centro;6;30,7;1,26;92,5;61,4;2;153;standard;0
AST-00173;linea_AT;Nord;13;54,5;1,85;80,0;75,3;3;239;standard;0
AST-00174;cabina_primaria;Isole;32;38,3;1,28;70,9;51,2;2;420;standard;1
AST-00175;turbina_eolica;Nord;5;57,3;0,99;77,3;49,8;2;167;standard;0
AST-00176;linea_AT;Nord;10;30,0;1,0;100,0;92,5;8;197;alta;0
AST-00177;linea_AT;Centro;14;44,9;2,8;60,5;46,8;4;201;standard;0
AST-00178;cabina_primaria;Isole;24;40,3;3,36;34,6;55,9;1;412;alta;1
AST-00179;trasformatore;Isole;15;24,2;1,01;48,3;35,4;2;438;alta;0
AST-00180;cabina_primaria;Sud;27;47,9;3,34;49,6;50,2;4;367;standard;1
AST-00181;trasformatore;Isole;29;24,7;1,27;52,1;48,1;2;403;standard;0
AST-00182;cabina_primaria;Isole;28;39,4;0,63;52,8;52,6;1;491;alta;0
AST-00183;trasformatore;Centro;12;51,9;2,19;67,6;66,2;3;82;standard;0
AST-00184;trasformatore;Nord;15;37,2;1,79;72,5;69,6;6;96;standard;0
AST-00185;trasformatore;Sud;18;33,9;2,25;72,3;47,9;4;342;alta;0
AST-00186;turbina_eolica;Sud;21;49,2;2,22;54,9;50,9;6;282;alta;0
AST-00187;trasformatore;Nord;27;39,8;2,06;85,9;77,2;7;128;standard;0
AST-00188;trasformatore;Nord;15;38,4;1,64;77,6;85,9;2;263;standard;0
AST-00189;turbina_eolica;Sud;16;53,5;3,29;96,5;79,6;3;328;alta;1
AST-00190;turbina_eolica;Nord;15;31,5;2,66;83,2;39,0;3;15;standard;0
AST-00191;linea_AT;Isole;17;37,9;1,31;61,7;78,7;3;346;alta;0
AST-00192;cabina_primaria;Nord;7;49,8;1,28;91,5;88,0;3;165;standard;0
AST-00193;linea_AT;Nord;8;30,9;0,42;72,9;38,3;4;163;standard;0
AST-00194;trasformatore;Sud;20;58,0;0,48;82,4;77,2;1;384;standard;0
AST-00195;trasformatore;Nord;20;40,0;1,56;81,0;65,2;2;198;alta;0
AST-00196;cabina_primaria;Nord;17;49,9;3,02;65,8;57,4;4;149;standard;1
AST-00197;trasformatore;Centro;20;49,9;0,88;69,9;63,5;2;115;critica;0
AST-00198;turbina_eolica;Sud;16;40,6;2,74;65,6;68,2;2;305;alta;0
AST-00199;cabina_primaria;Nord;11;37,7;2,01;52,6;78,2;5;110;alta;0
AST-00200;cabina_primaria;Nord;16;41,6;0,92;29,4;77,5;6;137;alta;0
AST-00201;turbina_eolica;Sud;19;48,4;1,84;55,5;40,9;3;395;standard;1
AST-00202;linea_AT;Isole;23;33,1;1,79;71,6;52,9;2;412;standard;0
AST-00203;turbina_eolica;Centro;20;31,2;0,96;87,5;63,3;8;276;standard;0
AST-00204;linea_AT;Nord;12;55,4;2,62;82,3;84,0;2;129;standard;0
AST-00205;trasformatore;Nord;15;35,4;3,22;63,0;23,8;4;281;standard;0
AST-00206;trasformatore;Nord;24;45,2;1,4;55,8;53,4;4;214;alta;0
AST-00207;linea_AT;Nord;13;40,2;0,69;64,8;40,6;4;169;alta;0
AST-00208;trasformatore;Sud;30;40,6;3,32;50,4;42,8;4;388;standard;1
AST-00209;linea_AT;Nord;17;54,9;0,45;29,9;75,8;4;106;standard;0
AST-00210;turbina_eolica;Centro;8;41,2;2,13;40,2;54,6;5;41;alta;0
AST-00211;cabina_primaria;Sud;16;38,8;0,88;92,7;29,3;4;291;alta;0
AST-00212;cabina_primaria;Centro;12;39,6;0,64;100,0;59,8;3;270;critica;0
AST-00213;turbina_eolica;Nord;9;37,5;1,16;81,6;90,5;5;166;standard;0
AST-00214;linea_AT;Sud;22;36,0;1,78;67,0;36,7;3;329;standard;0
AST-00215;trasformatore;Sud;27;37,5;0,76;42,9;69,5;4;272;alta;0
AST-00216;turbina_eolica;Sud;31;57,0;0,55;65,1;83,9;4;184;standard;0
AST-00217;trasformatore;Nord;16;48,4;0,33;79,0;61,3;2;274;alta;0
AST-00218;cabina_primaria;Nord;11;38,9;4,58;82,9;89,0;5;143;standard;0
AST-00219;cabina_primaria;Isole;13;50,8;2,25;80,4;52,8;3;346;standard;0
AST-00220;cabina_primaria;Centro;17;27,7;0,93;89,8;82,2;4;156;standard;0
AST-00221;cabina_primaria;Nord;14;54,4;2,33;100,0;78,9;6;260;alta;0
AST-00222;cabina_primaria;Centro;18;53,7;1,77;60,7;61,5;3;281;standard;0
AST-00223;trasformatore;Sud;36;62,1;2,81;100,0;41,2;2;263;alta;0
AST-00224;cabina_primaria;Isole;32;51,1;1,48;31,6;48,0;1;473;alta;1
AST-00225;linea_AT;Nord;19;45,9;3,15;54,0;29,2;7;148;alta;0
AST-00226;turbina_eolica;Isole;19;53,6;1,04;71,6;70,3;0;331;critica;0
AST-00227;linea_AT;Nord;11;36,4;2,0;77,9;68,6;5;137;alta;0
AST-00228;trasformatore;Centro;16;38,4;3,02;64,7;63,1;2;147;alta;0
AST-00229;trasformatore;Centro;12;41,4;2,07;59,1;60,3;4;104;standard;0
AST-00230;trasformatore;Nord;17;54,3;5,49;100,0;81,0;5;222;alta;1
AST-00231;trasformatore;Nord;16;34,3;2,77;58,2;66,2;6;142;critica;0
AST-00232;turbina_eolica;Centro;10;33,3;2,3;49,7;54,2;3;259;alta;0
AST-00233;cabina_primaria;Isole;32;44,1;1,33;98,4;64,1;3;403;standard;1
AST-00234;linea_AT;Centro;18;48,5;2,03;83,3;90,7;5;254;standard;0
AST-00235;turbina_eolica;Isole;15;35,7;3,75;87,7;70,7;2;216;alta;1
AST-00236;turbina_eolica;Sud;23;48,0;1,2;71,5;56,5;1;271;critica;0
AST-00237;turbina_eolica;Centro;19;54,3;0,85;43,2;61,4;5;256;standard;0
AST-00238;trasformatore;Sud;29;52,8;1,21;69,5;68,5;0;238;critica;1
AST-00239;cabina_primaria;Nord;12;45,2;1,16;40,8;56,1;4;190;standard;0
AST-00240;trasformatore;Nord;19;41,2;2,52;72,4;54,9;4;49;standard;0
AST-00241;linea_AT;Sud;24;57,6;5,08;79,8;61,8;1;341;critica;1
AST-00242;linea_AT;Sud;15;42,1;0,47;87,4;83,3;5;469;critica;0
AST-00243;linea_AT;Nord;6;50,5;1,81;66,3;73,1;1;222;standard;0
AST-00244;cabina_primaria;Centro;24;59,6;0,76;81,5;56,3;5;62;critica;0
AST-00245;trasformatore;Centro;24;49,5;2,2;51,7;74,2;1;278;alta;1
AST-00246;cabina_primaria;Sud;25;33,0;2,38;85,4;62,1;0;486;alta;1
AST-00247;linea_AT;Centro;26;30,8;1,16;80,1;66,8;6;434;alta;0
AST-00248;linea_AT;Centro;23;39,3;2,57;53,6;65,6;2;248;standard;0
AST-00249;linea_AT;Nord;18;48,4;1,01;77,5;32,5;4;51;standard;0
AST-00250;cabina_primaria;Centro;12;46,0;1,01;87,6;19,3;3;245;standard;0
AST-00251;cabina_primaria;Sud;33;61,9;0,89;69,4;65,2;3;468;standard;1
AST-00252;turbina_eolica;Sud;26;45,9;1,22;53,2;50,1;1;325;standard;0
AST-00253;cabina_primaria;Centro;15;39,1;1,68;71,2;39,1;0;293;standard;0
AST-00254;linea_AT;Nord;10;31,8;1,55;77,9;50,5;4;93;standard;0
AST-00255;turbina_eolica;Nord;16;52,6;1,93;53,1;74,9;5;190;standard;0
AST-00256;cabina_primaria;Sud;13;41,9;2,48;49,9;67,0;2;141;standard;0
AST-00257;turbina_eolica;Sud;27;28,4;1,94;77,4;72,8;3;264;standard;0
AST-00258;linea_AT;Nord;8;42,2;4,52;82,8;68,3;3;160;standard;0
AST-00259;trasformatore;Nord;16;33,0;1,77;100,0;49,1;5;131;standard;0
AST-00260;trasformatore;Centro;14;38,2;2,87;80,0;72,9;5;106;alta;0
AST-00261;cabina_primaria;Nord;12;42,1;0,42;46,2;70,2;4;120;alta;0
AST-00262;turbina_eolica;Sud;18;33,9;1,93;100,0;60,4;3;366;alta;0
AST-00263;turbina_eolica;Nord;13;37,6;1,54;87,0;62,8;3;153;alta;0
AST-00264;trasformatore;Nord;25;35,3;1,44;31,9;73,1;7;165;critica;0
AST-00265;turbina_eolica;Isole;33;35,5;3,7;49,5;51,5;2;439;alta;1
AST-00266;cabina_primaria;Nord;16;32,9;5,63;59,2;77,2;7;133;standard;0
AST-00267;cabina_primaria;Nord;14;37,7;2,5;83,1;69,9;5;269;standard;0
AST-00268;trasformatore;Nord;19;33,9;0,33;25,2;62,0;8;81;alta;0
AST-00269;linea_AT;Nord;21;47,3;1,11;65,9;83,4;0;314;alta;0
AST-00270;turbina_eolica;Nord;9;43,8;0,49;82,1;43,9;2;249;alta;0
AST-00271;linea_AT;Nord;14;52,8;1,89;17,0;55,6;7;132;standard;0
AST-00272;turbina_eolica;Nord;3;59,0;2,29;81,4;52,4;3;137;critica;0
AST-00273;turbina_eolica;Nord;21;48,1;0,38;83,6;67,0;5;177;standard;0
AST-00274;turbina_eolica;Centro;29;46,0;4,13;52,8;78,6;3;258;critica;1
AST-00275;linea_AT;Sud;23;48,7;0,63;47,2;48,2;6;428;standard;1
AST-00276;turbina_eolica;Centro;4;46,2;2,21;52,5;100,0;6;103;standard;0
AST-00277;turbina_eolica;Nord;18;42,5;4,07;19,9;52,7;3;195;standard;0
AST-00278;cabina_primaria;Centro;12;41,7;1,92;62,1;67,0;3;41;standard;0
AST-00279;linea_AT;Sud;19;32,8;0,96;72,0;62,0;2;326;standard;0
AST-00280;trasformatore;Sud;27;49,6;0,92;46,1;62,6;2;456;alta;0
AST-00281;cabina_primaria;Nord;16;41,7;1,95;85,5;50,9;6;47;standard;0
AST-00282;cabina_primaria;Nord;11;55,0;2,88;69,8;76,9;7;32;standard;0
AST-00283;trasformatore;Nord;10;50,2;2,16;72,7;50,0;0;178;standard;0
AST-00284;linea_AT;Nord;15;36,4;0,9;60,8;37,2;1;271;standard;0
AST-00285;trasformatore;Centro;15;53,2;1,51;81,4;46,3;3;236;standard;0
AST-00286;linea_AT;Centro;10;19,0;0,8;91,2;82,2;5;58;standard;0
AST-00287;trasformatore;Nord;12;59,4;0,8;60,7;79,5;6;25;alta;0
AST-00288;linea_AT;Nord;16;30,0;0,76;81,7;33,9;4;168;standard;0
AST-00289;trasformatore;Centro;16;46,5;1,27;81,9;73,4;5;116;critica;0
AST-00290;turbina_eolica;Nord;6;45,8;1,63;75,5;34,3;2;171;standard;0
AST-00291;cabina_primaria;Sud;29;52,1;1,77;98,2;61,6;3;356;alta;0
AST-00292;turbina_eolica;Nord;1;39,0;2,08;54,9;45,1;3;121;alta;0
AST-00293;cabina_primaria;Isole;22;22,7;0,95;60,4;74,5;0;525;standard;0
AST-00294;cabina_primaria;Nord;10;39,1;1,66;54,0;69,8;7;207;alta;0
AST-00295;cabina_primaria;Sud;24;40,0;1,81;81,1;75,7;5;437;standard;0
AST-00296;trasformatore;Isole;28;23,6;3,49;63,1;57,9;2;454;standard;0
AST-00297;cabina_primaria;Isole;32;42,4;0,39;55,5;59,3;2;368;alta;0
AST-00298;trasformatore;Sud;19;32,3;0,51;97,9;41,0;2;324;critica;0
AST-00299;turbina_eolica;Sud;27;47,8;2,41;100,0;47,6;3;316;standard;1
AST-00300;cabina_primaria;Centro;18;39,8;2,59;62,1;75,3;7;264;alta;1
AST-00301;linea_AT;Sud;13;59,6;2,42;43,4;67,1;2;288;standard;0
AST-00302;turbina_eolica;Nord;25;39,7;2,4;100,0;63,5;3;298;standard;0
AST-00303;turbina_eolica;Centro;8;45,9;0,43;76,5;79,7;3;150;standard;0
AST-00304;cabina_primaria;Centro;20;40,1;5,09;75,6;43,8;3;227;alta;1
AST-00305;linea_AT;Sud;25;27,4;3,24;69,9;72,1;2;322;alta;0
AST-00306;turbina_eolica;Centro;19;40,2;0,44;53,6;45,5;6;174;standard;0
AST-00307;cabina_primaria;Centro;14;48,8;1,37;60,6;82,7;4;384;critica;0
AST-00308;trasformatore;Centro;22;47,4;1,31;80,2;69,6;3;175;alta;0
AST-00309;trasformatore;Nord;5;39,4;1,55;59,9;75,5;3;136;standard;0
AST-00310;linea_AT;Nord;14;28,9;1,19;75,8;52,2;7;107;standard;0
AST-00311;cabina_primaria;Centro;14;47,8;0,67;68,2;92,5;2;213;standard;0
AST-00312;trasformatore;Centro;13;45,8;1,83;49,0;90,0;5;202;standard;0
AST-00313;trasformatore;Nord;17;49,6;3,64;97,2;68,0;0;70;standard;1
AST-00314;trasformatore;Nord;20;39,5;1,16;78,7;78,5;3;126;standard;0
AST-00315;cabina_primaria;Nord;12;26,8;2,07;74,0;57,8;2;209;standard;0
AST-00316;trasformatore;Nord;19;46,8;1,58;78,0;44,2;3;242;standard;0
AST-00317;turbina_eolica;Nord;14;41,9;2,4;35,7;73,1;4;162;alta;0
AST-00318;cabina_primaria;Sud;18;54,5;1,48;59,1;49,1;4;345;alta;1
AST-00319;trasformatore;Nord;12;42,3;1,03;40,5;80,3;2;131;critica;0
AST-00320;linea_AT;Isole;23;41,6;1,21;70,2;76,7;2;340;alta;0
AST-00321;turbina_eolica;Isole;21;45,8;3,55;73,9;65,3;1;306;standard;1
AST-00322;cabina_primaria;Centro;20;36,6;1,72;70,5;64,5;4;85;standard;0
AST-00323;turbina_eolica;Nord;15;36,2;1,68;89,2;75,9;4;104;standard;0
AST-00324;turbina_eolica;Centro;7;41,1;3,48;41,0;65,8;2;282;critica;0
AST-00325;trasformatore;Sud;13;33,7;3,9;53,6;56,3;5;306;standard;0
AST-00326;linea_AT;Sud;26;39,9;0,19;75,5;40,8;3;312;standard;0
AST-00327;linea_AT;Sud;18;59,5;0,52;72,8;75,4;1;311;alta;0
AST-00328;trasformatore;Centro;19;51,4;2,84;44,3;67,1;1;310;standard;0
AST-00329;turbina_eolica;Centro;22;44,8;1,78;89,5;100,0;3;136;critica;0
AST-00330;cabina_primaria;Nord;6;56,0;3,91;95,8;60,7;2;182;standard;0
AST-00331;trasformatore;Sud;15;34,6;0,4;75,7;66,2;1;335;standard;0
AST-00332;trasformatore;Nord;24;64,4;1,96;40,8;66,6;2;165;critica;1
AST-00333;linea_AT;Sud;25;37,9;2,49;70,9;71,1;1;360;standard;0
AST-00334;trasformatore;Sud;20;60,0;1,33;74,1;48,5;2;345;standard;1
AST-00335;trasformatore;Nord;8;60,0;2,73;63,1;60,9;1;223;standard;0
AST-00336;turbina_eolica;Centro;14;26,2;2,87;92,3;73,6;1;208;alta;0
AST-00337;trasformatore;Nord;7;55,2;1,59;65,9;57,3;4;300;standard;0
AST-00338;turbina_eolica;Sud;28;39,4;1,51;100,0;73,1;0;344;standard;0
AST-00339;linea_AT;Nord;9;36,9;3,06;82,1;63,4;1;24;standard;0
AST-00340;linea_AT;Isole;32;46,7;1,94;73,0;67,6;1;431;standard;1
AST-00341;trasformatore;Nord;12;32,9;2,37;84,6;78,1;8;191;standard;0
AST-00342;cabina_primaria;Isole;19;46,5;1,93;95,6;58,8;1;383;standard;1
AST-00343;trasformatore;Sud;20;33,5;1,86;84,2;41,7;2;319;alta;1
AST-00344;linea_AT;Centro;1;43,6;1,51;66,6;58,3;5;41;standard;0
AST-00345;turbina_eolica;Sud;22;54,0;2,48;56,1;50,4;0;184;standard;1
AST-00346;linea_AT;Sud;22;45,5;0,88;47,8;32,2;1;472;standard;0
AST-00347;trasformatore;Isole;30;38,8;0,42;24,1;60,5;2;333;standard;0
AST-00348;trasformatore;Nord;3;46,9;1,68;71,1;64,8;8;237;standard;0
AST-00349;turbina_eolica;Centro;24;29,3;3,94;61,0;76,3;2;82;critica;0
AST-00350;trasformatore;Nord;19;34,5;1,94;62,0;46,0;3;76;standard;0
AST-00351;trasformatore;Centro;25;38,1;1,41;86,5;63,2;4;264;alta;0
AST-00352;linea_AT;Nord;14;49,1;1,28;66,0;77,8;3;152;standard;0
AST-00353;cabina_primaria;Centro;23;45,7;1,22;100,0;54,0;5;253;alta;0
AST-00354;trasformatore;Centro;8;46,8;0,09;57,7;69,5;4;209;alta;0
AST-00355;cabina_primaria;Centro;21;41,8;3,6;50,5;84,4;4;193;alta;0
AST-00356;linea_AT;Centro;12;34,9;1,13;45,4;35,9;7;156;standard;0
AST-00357;cabina_primaria;Sud;13;55,4;1,7;81,0;65,8;3;244;standard;0
AST-00358;linea_AT;Sud;16;35,7;1,35;88,7;78,3;1;452;alta;0
AST-00359;linea_AT;Centro;17;45,8;0,98;57,3;57,1;2;335;standard;0
AST-00360;turbina_eolica;Centro;12;41,0;3,72;48,8;81,4;2;127;standard;0
AST-00361;linea_AT;Isole;27;47,1;0,7;95,5;70,9;8;292;alta;0
AST-00362;cabina_primaria;Nord;3;36,6;2,54;41,9;86,8;12;132;standard;0
AST-00363;trasformatore;Nord;1;51,5;0,48;86,2;70,2;3;187;standard;0
AST-00364;trasformatore;Nord;22;54,4;1,52;57,7;87,9;3;145;alta;0
AST-00365;trasformatore;Sud;28;50,9;3,39;75,1;66,2;2;380;standard;0
AST-00366;cabina_primaria;Centro;11;43,4;1,18;87,4;42,9;1;206;alta;0
AST-00367;turbina_eolica;Sud;23;38,1;2,39;76,6;53,2;1;331;alta;1
AST-00368;linea_AT;Sud;29;67,4;1,14;62,7;76,3;6;533;standard;0
AST-00369;cabina_primaria;Nord;17;33,1;1,32;93,1;76,0;2;118;standard;0
AST-00370;cabina_primaria;Isole;26;49,9;2,77;73,2;57,7;1;511;critica;1
AST-00371;trasformatore;Sud;30;45,0;2,42;100,0;87,3;3;456;standard;1
AST-00372;linea_AT;Nord;10;41,4;3,97;37,3;57,0;4;200;critica;0
AST-00373;cabina_primaria;Nord;14;43,7;1,18;37,0;68,5;3;15;standard;0
AST-00374;trasformatore;Nord;14;37,4;2,13;85,9;68,1;3;162;standard;0
AST-00375;linea_AT;Nord;12;45,8;1,77;67,4;43,4;2;119;alta;0
AST-00376;turbina_eolica;Nord;12;44,9;2,17;82,3;60,5;7;162;standard;0
AST-00377;linea_AT;Isole;25;66,1;3,22;48,2;95,3;1;295;standard;1
AST-00378;turbina_eolica;Centro;17;51,6;1,02;69,0;49,1;2;271;alta;0
AST-00379;trasformatore;Centro;11;46,6;2,07;76,2;70,8;2;289;standard;0
AST-00380;trasformatore;Sud;28;47,2;3,69;58,2;45,8;2;434;standard;0
AST-00381;trasformatore;Centro;11;58,6;1,77;72,2;48,9;2;179;alta;0
AST-00382;trasformatore;Isole;24;33,3;2,75;43,5;42,2;1;295;standard;0
AST-00383;linea_AT;Sud;21;40,4;0,29;75,1;75,2;3;368;alta;0
AST-00384;turbina_eolica;Centro;19;24,8;1,83;94,0;49,8;5;350;standard;0
AST-00385;trasformatore;Nord;1;47,0;1,23;45,7;79,7;5;166;standard;0
AST-00386;linea_AT;Isole;30;49,6;2,4;44,6;54,6;1;416;standard;1
AST-00387;linea_AT;Sud;19;33,0;2,08;89,4;63,8;4;321;critica;0
AST-00388;turbina_eolica;Isole;32;54,9;0,89;44,3;67,8;1;340;standard;1
AST-00389;cabina_primaria;Nord;11;35,5;0,53;83,1;39,4;6;213;critica;0
AST-00390;turbina_eolica;Sud;23;38,9;5,2;69,0;64,9;2;332;alta;1
AST-00391;cabina_primaria;Centro;28;43,1;2,19;60,5;66,9;2;242;alta;0
AST-00392;trasformatore;Nord;12;56,3;2,16;94,4;78,0;3;201;standard;0
AST-00393;linea_AT;Centro;24;34,3;1,0;84,7;48,6;4;238;standard;0
AST-00394;cabina_primaria;Sud;23;44,6;1,35;73,0;50,6;2;385;standard;0
AST-00395;cabina_primaria;Nord;16;49,0;3,71;29,3;71,2;5;92;alta;0
AST-00396;linea_AT;Centro;17;47,1;1,8;80,8;81,8;2;137;standard;0
AST-00397;linea_AT;Sud;28;47,4;3,8;48,7;53,7;2;337;standard;1
AST-00398;turbina_eolica;Nord;10;48,9;2,2;64,0;44,7;4;159;standard;0
AST-00399;linea_AT;Centro;11;37,0;3,28;68,1;57,6;6;168;standard;0
AST-00400;linea_AT;Centro;13;57,2;0,27;100,0;47,8;1;229;standard;0
AST-00401;cabina_primaria;Nord;15;41,0;0,96;63,4;67,6;3;233;standard;0
AST-00402;turbina_eolica;Isole;24;39,8;1,78;42,4;46,9;3;475;standard;1
AST-00403;trasformatore;Sud;27;54,1;1,44;94,5;75,6;4;453;standard;1
AST-00404;linea_AT;Nord;22;36,3;2,41;81,1;65,0;3;55;standard;0
AST-00405;trasformatore;Isole;19;44,9;0,53;81,7;76,1;1;287;standard;0
AST-00406;trasformatore;Sud;19;35,5;0,54;94,8;28,1;6;317;critica;0
AST-00407;trasformatore;Nord;5;64,7;2,35;99,0;37,4;1;166;standard;1
AST-00408;linea_AT;Sud;35;62,8;3,19;51,9;80,1;0;321;alta;1
AST-00409;trasformatore;Nord;16;41,0;1,35;43,0;51,9;4;116;standard;0
AST-00410;trasformatore;Isole;28;46,7;4,05;83,2;41,5;3;356;alta;1
AST-00411;trasformatore;Sud;15;42,0;4,65;63,3;59,2;5;379;standard;0
AST-00412;cabina_primaria;Sud;23;38,9;1,65;64,9;65,4;4;234;alta;0
AST-00413;linea_AT;Nord;17;43,1;1,31;47,8;59,8;3;347;alta;1
AST-00414;trasformatore;Isole;23;41,6;1,1;78,5;68,6;0;382;alta;1
AST-00415;trasformatore;Nord;20;28,3;0,95;75,2;66,7;5;244;standard;0
AST-00416;linea_AT;Nord;28;44,4;2,66;65,2;65,9;3;114;alta;0
AST-00417;trasformatore;Nord;8;41,6;0,86;43,0;80,9;2;206;standard;0
AST-00418;linea_AT;Sud;17;44,8;0,74;89,8;61,8;2;348;standard;0
AST-00419;turbina_eolica;Nord;9;41,3;0,92;72,6;61,4;4;229;alta;0
AST-00420;cabina_primaria;Isole;35;38,8;1,67;88,1;73,2;7;364;alta;0
AST-00421;trasformatore;Sud;29;49,9;1,75;30,1;69,7;5;464;alta;0
AST-00422;linea_AT;Nord;13;46,8;2,57;69,0;49,4;5;41;alta;0
AST-00423;trasformatore;Nord;14;54,6;1,56;55,1;60,7;4;236;alta;0
AST-00424;cabina_primaria;Nord;9;46,5;0,5;68,7;68,1;3;169;standard;0
AST-00425;cabina_primaria;Centro;22;40,2;1,27;85,0;53,8;2;129;standard;0
AST-00426;linea_AT;Sud;21;47,6;1,69;74,7;54,5;1;496;standard;1
AST-00427;turbina_eolica;Nord;12;24,2;1,05;68,3;42,5;3;308;standard;0
AST-00428;trasformatore;Sud;27;60,9;2,07;68,2;21,6;3;174;alta;0
AST-00429;cabina_primaria;Nord;13;44,5;0,16;39,9;56,8;3;174;standard;0
AST-00430;linea_AT;Sud;22;61,7;1,55;51,7;63,8;3;396;alta;1
AST-00431;trasformatore;Isole;25;34,2;3,6;88,2;46,7;3;415;standard;1
AST-00432;turbina_eolica;Sud;28;31,9;3,13;58,9;81,3;2;461;standard;0
AST-00433;turbina_eolica;Sud;33;45,3;1,84;88,5;47,3;3;445;critica;0
AST-00434;cabina_primaria;Sud;27;45,3;1,74;82,9;74,8;2;361;standard;1
AST-00435;linea_AT;Nord;19;45,0;2,28;83,8;67,9;8;342;standard;1
AST-00436;linea_AT;Nord;13;43,7;0,75;74,0;92,5;6;235;alta;0
AST-00437;linea_AT;Nord;10;36,3;2,97;60,2;69,6;3;132;standard;0
AST-00438;trasformatore;Centro;21;28,6;3,97;65,3;41,8;4;166;standard;0
AST-00439;turbina_eolica;Sud;24;44,5;1,54;79,5;76,8;2;439;alta;1
AST-00440;trasformatore;Centro;8;30,5;1,84;29,7;85,8;2;147;standard;0
AST-00441;linea_AT;Sud;21;29,6;2,59;90,4;37,2;1;307;critica;0
AST-00442;turbina_eolica;Nord;14;38,6;0,97;59,0;70,9;2;141;alta;0
AST-00443;turbina_eolica;Sud;20;45,9;4,05;66,4;74,0;3;368;standard;0
AST-00444;trasformatore;Nord;23;59,9;5,13;66,6;59,0;3;145;critica;1
AST-00445;trasformatore;Nord;17;50,8;2,4;67,3;28,1;6;55;standard;0
AST-00446;linea_AT;Sud;31;54,9;4,25;44,4;57,9;1;433;standard;0
AST-00447;trasformatore;Isole;27;47,9;0,67;70,7;53,9;0;348;alta;1
AST-00448;trasformatore;Centro;17;45,3;2,03;78,7;83,4;3;372;standard;0
AST-00449;linea_AT;Nord;8;64,6;0,31;31,2;60,8;6;184;standard;0
AST-00450;turbina_eolica;Centro;17;30,1;1,27;44,6;56,2;2;311;standard;0
AST-00451;turbina_eolica;Nord;14;38,3;1,29;84,1;53,8;9;210;standard;0
AST-00452;turbina_eolica;Isole;17;39,0;1,06;80,8;66,6;1;485;standard;0
AST-00453;cabina_primaria;Sud;20;50,0;0,68;73,4;62,8;1;386;standard;0
AST-00454;trasformatore;Nord;12;33,2;2,39;55,7;50,9;3;179;critica;0
AST-00455;linea_AT;Nord;16;48,9;0,91;80,9;65,7;3;247;alta;0
AST-00456;cabina_primaria;Nord;17;47,2;2,39;46,3;54,2;6;359;standard;0
AST-00457;linea_AT;Isole;22;49,3;1,62;65,5;25,7;0;358;standard;0
AST-00458;turbina_eolica;Centro;20;49,2;2,11;44,5;71,4;1;274;standard;1
AST-00459;linea_AT;Sud;22;55,8;1,14;65,1;70,0;4;340;standard;0
AST-00460;turbina_eolica;Centro;1;41,6;1,61;49,5;64,8;4;250;alta;0
AST-00461;turbina_eolica;Centro;14;46,8;5,7;81,6;55,8;5;213;alta;1
AST-00462;turbina_eolica;Nord;20;35,4;2,06;75,8;61,0;5;15;standard;0
AST-00463;trasformatore;Isole;15;33,3;4,06;57,7;73,5;3;364;critica;0
AST-00464;trasformatore;Nord;15;57,9;3,92;87,6;53,2;1;240;alta;1
AST-00465;turbina_eolica;Centro;27;34,7;0,58;50,8;74,0;3;149;standard;0
AST-00466;trasformatore;Sud;18;47,8;3,92;67,4;41,4;3;414;critica;1
AST-00467;turbina_eolica;Centro;17;46,8;1,61;56,9;64,4;5;225;standard;0
AST-00468;linea_AT;Isole;17;52,6;1,29;81,4;62,4;2;365;critica;0
AST-00469;cabina_primaria;Nord;24;27,1;0,77;79,6;76,0;4;232;alta;0
AST-00470;trasformatore;Centro;17;50,0;0,58;91,4;49,1;5;264;standard;0
AST-00471;linea_AT;Centro;17;41,5;2,34;69,5;50,7;4;244;standard;0
AST-00472;turbina_eolica;Centro;25;36,6;0,56;14,7;42,5;2;291;standard;0
AST-00473;trasformatore;Nord;18;39,7;2,41;60,2;54,1;6;176;alta;0
AST-00474;trasformatore;Nord;9;51,3;0,2;96,2;65,6;4;28;alta;0
AST-00475;trasformatore;Nord;10;48,6;0,82;62,2;36,8;3;130;standard;0
AST-00476;trasformatore;Nord;17;40,8;1,44;33,5;55,8;4;16;alta;0
AST-00477;trasformatore;Centro;13;31,7;1,75;76,1;70,6;4;263;standard;0
AST-00478;turbina_eolica;Centro;4;32,4;0,86;77,4;60,6;5;282;standard;0
AST-00479;turbina_eolica;Centro;17;48,8;0,63;54,9;63,1;3;285;standard;0
AST-00480;trasformatore;Centro;8;30,5;1,33;63,6;40,9;4;249;alta;0
AST-00481;trasformatore;Centro;27;40,9;1,08;52,7;60,6;3;287;alta;0
AST-00482;trasformatore;Nord;15;66,1;1,19;77,4;62,4;3;34;standard;0
AST-00483;turbina_eolica;Centro;12;46,1;2,49;69,0;59,7;2;201;alta;0
AST-00484;trasformatore;Nord;10;48,7;3,53;47,0;64,1;2;47;alta;0
AST-00485;turbina_eolica;Nord;3;32,5;1,27;67,8;57,7;6;131;standard;0
AST-00486;trasformatore;Centro;10;31,0;2,49;54,8;55,6;0;339;standard;0
AST-00487;trasformatore;Centro;23;49,2;1,11;94,3;47,4;4;297;standard;0
AST-00488;cabina_primaria;Nord;27;39,5;1,04;84,1;75,6;2;213;standard;1
AST-00489;trasformatore;Centro;21;52,6;1,32;65,8;44,8;5;195;standard;0
AST-00490;trasformatore;Centro;16;43,3;3,2;69,5;64,2;3;131;alta;0
AST-00491;trasformatore;Sud;20;74,0;0,45;86,2;87,4;2;355;standard;0
AST-00492;cabina_primaria;Centro;11;37,7;0,4;64,9;77,4;8;299;alta;0
AST-00493;linea_AT;Sud;35;45,5;4,55;81,7;69,1;3;373;critica;1
AST-00494;linea_AT;Nord;13;34,9;0,83;94,6;65,5;3;33;standard;0
AST-00495;cabina_primaria;Sud;36;52,2;1,46;59,2;60,2;2;348;standard;0
AST-00496;trasformatore;Centro;25;46,9;1,18;97,6;49,4;6;57;standard;0
AST-00497;cabina_primaria;Centro;7;34,2;3,99;92,4;58,4;6;274;alta;0
AST-00498;trasformatore;Centro;13;40,0;3,18;72,5;70,0;8;155;standard;0
AST-00499;linea_AT;Nord;10;55,2;0,62;60,0;67,5;4;62;standard;0
AST-00500;turbina_eolica;Centro;17;54,2;1,76;72,3;73,0;5;275;alta;0
AST-00501;turbina_eolica;Sud;23;30,2;2,08;63,6;79,1;3;385;alta;0
AST-00502;cabina_primaria;Isole;43;38,7;2,44;53,7;59,8;0;399;standard;0
AST-00503;trasformatore;Isole;19;59,3;0,27;77,6;64,7;1;555;alta;0
AST-00504;cabina_primaria;Centro;18;41,4;0,4;49,6;35,4;4;261;critica;0
AST-00505;turbina_eolica;Centro;21;44,6;2,56;61,9;93,6;4;158;alta;0
AST-00506;linea_AT;Sud;23;52,1;0,55;62,1;56,2;2;382;standard;0
AST-00507;cabina_primaria;Nord;15;30,9;2,06;43,4;71,1;6;137;alta;0
AST-00508;trasformatore;Sud;17;34,4;0,65;79,9;56,2;2;441;alta;0
AST-00509;cabina_primaria;Centro;18;40,0;0,42;63,9;55,9;4;232;standard;0
AST-00510;linea_AT;Nord;17;53,7;0,81;91,4;58,7;4;190;alta;0
AST-00511;linea_AT;Nord;16;52,1;1,57;63,6;44,6;4;45;standard;0
AST-00512;trasformatore;Sud;26;49,4;2,0;60,7;27,3;1;345;standard;0
AST-00513;turbina_eolica;Nord;22;41,6;2,16;51,7;78,2;5;155;alta;0
AST-00514;linea_AT;Nord;20;53,1;2,76;68,7;69,6;2;78;alta;0
AST-00515;turbina_eolica;Nord;14;41,5;0,85;68,8;49,2;4;142;standard;0
AST-00516;trasformatore;Nord;7;48,1;2,66;81,4;68,3;7;195;standard;0
AST-00517;trasformatore;Nord;10;51,1;1,68;69,2;73,5;8;160;standard;0
AST-00518;cabina_primaria;Sud;22;58,2;1,87;100,0;52,3;1;227;standard;0
AST-00519;trasformatore;Nord;16;42,4;6,03;76,2;67,8;4;138;alta;0
AST-00520;linea_AT;Sud;20;39,6;2,37;50,2;76,1;2;303;standard;0
AST-00521;cabina_primaria;Sud;17;54,6;1,37;48,7;41,9;2;355;alta;0
AST-00522;trasformatore;Nord;7;55,2;1,21;77,6;69,5;3;167;standard;0
AST-00523;trasformatore;Nord;4;38,0;1,59;49,7;67,1;5;127;alta;0
AST-00524;linea_AT;Centro;16;33,0;0,48;78,7;88,3;3;174;standard;0
AST-00525;trasformatore;Nord;5;53,9;2,06;84,1;69,8;2;165;alta;0
AST-00526;linea_AT;Nord;8;28,1;1,57;84,6;56,2;4;237;standard;0
AST-00527;linea_AT;Isole;23;27,7;1,86;52,4;57,9;3;402;standard;0
AST-00528;linea_AT;Isole;17;40,5;1,68;84,6;90,3;3;494;alta;0
AST-00529;turbina_eolica;Sud;25;42,9;0,52;73,8;57,0;1;431;standard;1
AST-00530;linea_AT;Nord;18;32,5;2,43;57,1;70,2;8;280;standard;0
AST-00531;linea_AT;Sud;20;44,0;1,02;65,1;58,7;2;449;critica;0
AST-00532;trasformatore;Sud;20;44,4;2,97;76,5;77,1;1;465;alta;1
AST-00533;linea_AT;Centro;20;37,7;2,57;55,9;77,8;1;118;standard;0
AST-00534;cabina_primaria;Centro;13;60,3;4,39;73,4;61,7;5;262;alta;1
AST-00535;linea_AT;Nord;9;45,9;1,58;94,0;56,3;3;257;standard;1
AST-00536;turbina_eolica;Nord;21;52,2;2,77;85,4;56,0;3;272;standard;1
AST-00537;trasformatore;Centro;22;28,9;4,7;69,5;37,8;3;148;standard;1
AST-00538;trasformatore;Nord;18;28,8;0,95;72,2;63,4;2;213;standard;0
AST-00539;trasformatore;Nord;20;46,1;3,21;58,3;63,1;2;166;standard;1
AST-00540;trasformatore;Sud;11;58,7;2,35;58,8;50,6;1;488;standard;1
AST-00541;cabina_primaria;Isole;33;32,9;0,72;40,3;36,3;2;269;standard;0
AST-00542;trasformatore;Centro;19;43,3;1,45;72,5;64,9;4;148;standard;0
AST-00543;cabina_primaria;Sud;29;30,9;6,63;80,3;66,7;1;195;standard;1
AST-00544;trasformatore;Isole;27;35,5;3,1;66,7;67,5;3;392;standard;1
AST-00545;trasformatore;Nord;14;43,7;2,2;52,2;48,1;4;341;standard;1
AST-00546;turbina_eolica;Centro;15;37,6;0,98;69,2;67,6;3;206;standard;0
AST-00547;trasformatore;Centro;19;30,3;0,21;92,2;59,5;8;218;standard;0
AST-00548;linea_AT;Nord;12;30,0;0,55;84,2;74,1;2;204;standard;0
AST-00549;cabina_primaria;Sud;28;25,0;1,63;67,5;48,4;0;331;standard;0
AST-00550;cabina_primaria;Centro;7;46,3;1,63;100,0;78,1;7;239;alta;0
AST-00551;trasformatore;Centro;14;47,4;3,65;100,0;83,1;6;241;alta;0
AST-00552;linea_AT;Nord;26;47,3;0,8;59,4;63,6;2;92;alta;0
AST-00553;trasformatore;Nord;10;33,8;0,74;63,6;67,7;5;152;standard;0
AST-00554;cabina_primaria;Isole;24;51,1;2,37;80,5;73,0;1;439;standard;1
AST-00555;turbina_eolica;Nord;9;48,4;1,23;51,6;47,6;5;234;standard;0
AST-00556;trasformatore;Nord;16;42,1;1,22;83,3;55,2;7;264;critica;0
AST-00557;trasformatore;Nord;10;40,6;3,42;69,8;64,6;6;187;standard;0
AST-00558;trasformatore;Centro;16;36,2;0,71;74,7;90,4;10;238;alta;0
AST-00559;trasformatore;Centro;22;43,7;3,09;57,6;45,3;5;270;standard;0
AST-00560;cabina_primaria;Centro;13;56,6;2,18;53,8;84,9;3;162;critica;0
AST-00561;linea_AT;Nord;19;52,2;1,14;32,3;59,3;3;109;standard;0
AST-00562;cabina_primaria;Nord;19;39,7;1,59;94,7;61,5;3;150;standard;0
AST-00563;trasformatore;Sud;29;46,8;0,87;84,9;79,1;2;238;standard;1
AST-00564;linea_AT;Centro;18;32,1;1,41;80,1;90,3;2;243;alta;0
AST-00565;trasformatore;Centro;36;48,6;4,54;74,3;67,9;1;294;alta;1
AST-00566;turbina_eolica;Sud;29;34,5;0,95;26,5;78,3;2;283;alta;0
AST-00567;trasformatore;Sud;25;48,2;0,35;54,5;49,1;1;375;alta;0
AST-00568;trasformatore;Nord;9;68,7;1,63;63,4;54,6;7;110;standard;0
AST-00569;linea_AT;Nord;13;36,9;4,05;48,5;43,1;2;79;standard;0
AST-00570;trasformatore;Centro;26;68,3;1,89;37,5;54,8;1;374;alta;1
AST-00571;turbina_eolica;Nord;24;46,4;1,34;50,4;69,9;7;80;standard;0
AST-00572;linea_AT;Sud;32;35,3;1,3;68,9;65,0;3;238;standard;0
AST-00573;trasformatore;Centro;22;34,8;3,15;68,9;86,2;2;227;standard;0
AST-00574;cabina_primaria;Sud;15;63,3;2,06;84,3;90,8;1;361;standard;1
AST-00575;turbina_eolica;Sud;26;46,4;2,37;100,0;60,1;1;393;standard;1
AST-00576;cabina_primaria;Centro;10;36,9;1,79;80,3;52,5;7;370;alta;0
AST-00577;linea_AT;Isole;16;40,2;2,82;64,8;78,2;2;318;standard;0
AST-00578;linea_AT;Centro;18;45,9;4,54;100,0;79,7;3;164;standard;0
AST-00579;linea_AT;Sud;26;41,9;4,89;39,5;68,2;3;469;standard;0
AST-00580;cabina_primaria;Nord;19;45,1;1,61;30,6;71,9;3;235;alta;0
AST-00581;linea_AT;Centro;20;58,0;2,04;52,0;69,7;4;274;alta;0
AST-00582;trasformatore;Centro;20;31,8;4,42;82,6;48,2;3;163;alta;1
AST-00583;trasformatore;Nord;8;47,8;1,78;71,0;44,9;5;250;standard;0
AST-00584;linea_AT;Centro;16;41,3;3,13;47,7;61,3;5;274;critica;0
AST-00585;trasformatore;Isole;16;37,5;0,82;54,9;59,2;1;395;alta;0
AST-00586;trasformatore;Centro;5;51,6;0,92;45,7;65,9;3;163;standard;0
AST-00587;trasformatore;Nord;18;28,8;5,22;45,7;60,2;3;169;alta;1
AST-00588;turbina_eolica;Nord;9;20,7;2,66;95,9;38,2;1;292;standard;0
AST-00589;trasformatore;Nord;19;44,0;1,46;65,4;32,4;1;72;alta;0
AST-00590;linea_AT;Nord;21;40,8;1,09;99,9;72,3;2;96;alta;0
AST-00591;linea_AT;Isole;21;29,8;1,3;52,0;52,7;0;330;standard;0
AST-00592;cabina_primaria;Centro;21;26,6;0,57;76,8;58,8;6;177;standard;0
AST-00593;trasformatore;Nord;10;59,4;2,52;72,1;54,2;5;159;standard;0
AST-00594;turbina_eolica;Centro;6;46,2;2,35;83,8;49,2;2;287;alta;0
AST-00595;linea_AT;Nord;15;42,2;2,31;72,6;48,8;0;197;alta;1
AST-00596;turbina_eolica;Nord;11;61,8;3,8;85,7;76,3;7;165;standard;0
AST-00597;linea_AT;Sud;20;51,2;1,71;78,0;58,7;3;362;critica;0
AST-00598;trasformatore;Centro;29;57,9;2,18;48,4;70,9;5;260;standard;1
AST-00599;cabina_primaria;Isole;16;31,4;0,37;81,2;72,8;1;245;standard;0
AST-00600;trasformatore;Centro;19;31,0;2,68;66,1;66,4;4;296;standard;0
AST-00601;cabina_primaria;Centro;11;47,6;2,39;54,0;73,2;4;144;alta;0
AST-00602;linea_AT;Sud;28;45,7;0,64;80,5;62,2;1;305;alta;0
AST-00603;trasformatore;Isole;27;53,2;1,47;84,6;81,1;2;407;alta;1
AST-00604;linea_AT;Sud;25;27,3;3,47;59,3;73,5;1;334;alta;0
AST-00605;trasformatore;Isole;19;48,3;2,14;61,7;75,4;0;419;standard;0
AST-00606;linea_AT;Sud;18;50,9;1,02;43,0;48,9;3;351;standard;0
AST-00607;linea_AT;Sud;29;50,4;2,39;35,5;65,7;1;317;standard;1
AST-00608;trasformatore;Nord;25;38,3;4,91;63,6;36,3;2;282;standard;1
AST-00609;trasformatore;Sud;26;46,7;0,49;82,3;81,6;1;397;standard;0
AST-00610;linea_AT;Centro;12;35,0;2,62;57,7;53,3;3;234;standard;0
AST-00611;trasformatore;Centro;19;39,4;2,08;93,7;55,2;3;265;standard;0
AST-00612;cabina_primaria;Sud;38;32,6;0,59;64,3;42,9;3;284;standard;0
AST-00613;linea_AT;Isole;26;35,2;2,15;64,4;61,5;1;554;standard;0
AST-00614;linea_AT;Isole;34;39,8;1,1;62,8;58,2;0;293;critica;0
AST-00615;trasformatore;Nord;10;37,6;1,35;85,7;87,5;6;169;standard;0
AST-00616;linea_AT;Sud;23;35,2;2,4;50,7;74,0;3;317;critica;0
AST-00617;cabina_primaria;Sud;27;30,3;2,34;65,7;54,8;7;314;standard;0
AST-00618;trasformatore;Nord;16;59,6;2,31;58,1;38,7;6;124;alta;0
AST-00619;trasformatore;Nord;9;37,5;6,61;57,9;30,0;5;98;standard;0
AST-00620;trasformatore;Nord;9;45,0;1,51;68,6;47,6;4;255;standard;0
AST-00621;turbina_eolica;Sud;29;26,2;0,7;66,0;43,4;2;244;standard;0
AST-00622;linea_AT;Centro;24;54,2;2,64;86,9;66,9;1;289;standard;0
AST-00623;turbina_eolica;Isole;34;43,5;2,07;67,8;60,0;0;432;alta;1
AST-00624;linea_AT;Centro;28;38,0;1,14;78,0;62,2;2;180;standard;0
AST-00625;trasformatore;Isole;26;38,1;1,08;71,1;48,7;2;423;standard;0
AST-00626;trasformatore;Centro;15;49,8;3,96;93,3;64,1;4;197;alta;0
AST-00627;trasformatore;Sud;31;15,4;0,25;62,6;42,1;1;252;standard;0
AST-00628;cabina_primaria;Nord;18;34,6;2,04;62,6;60,8;7;73;standard;0
AST-00629;linea_AT;Centro;11;40,9;1,05;81,4;73,6;4;262;standard;0
AST-00630;turbina_eolica;Sud;17;40,8;2,24;62,3;56,9;5;388;standard;0
AST-00631;linea_AT;Isole;28;64,5;0,93;77,0;68,2;0;399;standard;1
AST-00632;trasformatore;Sud;22;39,0;2,27;100,0;34,3;2;309;standard;0
AST-00633;trasformatore;Nord;14;50,9;3,34;50,4;33,2;3;145;standard;0
AST-00634;trasformatore;Nord;20;58,3;1,17;95,6;66,6;0;134;critica;0
AST-00635;cabina_primaria;Nord;19;48,0;1,3;59,1;76,7;5;20;standard;0
AST-00636;linea_AT;Nord;22;35,9;2,22;92,1;58,7;5;165;standard;1
AST-00637;linea_AT;Sud;11;30,4;2,79;80,3;92,0;0;382;alta;1
AST-00638;trasformatore;Sud;25;48,7;5,84;78,8;41,8;1;345;critica;0
AST-00639;trasformatore;Sud;27;56,8;1,32;65,3;52,5;0;482;alta;1
AST-00640;linea_AT;Sud;14;46,9;1,3;63,5;64,0;6;260;standard;0
AST-00641;turbina_eolica;Sud;19;53,1;0,75;55,0;68,5;1;287;alta;0
AST-00642;cabina_primaria;Sud;18;65,3;0,18;68,1;53,8;2;351;standard;0
AST-00643;linea_AT;Nord;14;49,5;3,36;64,7;47,2;3;180;alta;1
AST-00644;turbina_eolica;Nord;24;32,1;1,56;71,4;70,7;5;15;alta;0
AST-00645;linea_AT;Centro;29;42,5;0,72;42,6;63,9;2;258;standard;0
AST-00646;cabina_primaria;Sud;18;54,3;3,03;68,4;57,2;2;360;alta;1
AST-00647;turbina_eolica;Nord;17;39,8;3,19;90,7;69,0;3;15;alta;0
AST-00648;linea_AT;Centro;20;55,6;2,63;85,0;60,1;4;201;alta;1
AST-00649;cabina_primaria;Sud;25;41,4;1,29;68,4;60,0;2;275;critica;0
AST-00650;trasformatore;Nord;16;45,0;2,1;100,0;59,5;3;124;alta;0
AST-00651;cabina_primaria;Centro;19;38,8;0,83;57,6;50,5;6;103;standard;0
AST-00652;trasformatore;Isole;35;43,4;2,72;66,4;49,1;0;413;standard;1
AST-00653;linea_AT;Sud;30;43,9;1,12;41,9;54,6;6;481;standard;0
AST-00654;linea_AT;Nord;8;27,5;3,61;60,7;62,4;6;181;standard;0
AST-00655;linea_AT;Sud;28;38,0;2,43;100,0;35,8;2;167;alta;1
AST-00656;turbina_eolica;Nord;19;30,9;0,6;61,4;75,2;2;183;alta;0
AST-00657;linea_AT;Sud;25;38,3;3,37;40,5;62,3;2;324;standard;0
AST-00658;trasformatore;Nord;21;34,8;3,19;83,7;47,1;6;72;critica;0
AST-00659;trasformatore;Centro;18;51,1;2,92;75,0;84,6;5;238;alta;0
AST-00660;trasformatore;Centro;18;51,2;3,02;83,0;62,6;4;280;critica;0
AST-00661;linea_AT;Nord;15;47,0;1,72;62,7;43,3;6;107;standard;0
AST-00662;turbina_eolica;Isole;13;30,6;2,07;49,9;84,0;0;249;standard;0
AST-00663;trasformatore;Nord;14;41,1;1,49;64,7;81,0;8;15;alta;0
AST-00664;cabina_primaria;Nord;10;29,9;0,36;78,0;49,3;4;107;alta;0
AST-00665;turbina_eolica;Nord;7;40,7;2,4;66,7;57,5;7;148;critica;0
AST-00666;turbina_eolica;Sud;32;47,8;0,48;75,0;55,6;1;299;alta;0
AST-00667;turbina_eolica;Sud;26;50,9;0,74;58,3;35,5;3;285;standard;0
AST-00668;trasformatore;Isole;25;46,3;1,07;75,7;66,5;1;425;standard;0
AST-00669;linea_AT;Nord;11;53,3;1,8;67,9;73,8;1;197;alta;0
AST-00670;turbina_eolica;Centro;19;44,3;5,12;55,3;71,2;5;226;standard;0
AST-00671;trasformatore;Nord;20;39,9;1,07;70,5;62,5;2;225;critica;0
AST-00672;cabina_primaria;Centro;12;49,9;5,39;61,0;75,2;2;157;alta;1
AST-00673;cabina_primaria;Isole;25;50,2;3,13;79,1;46,1;1;292;alta;1
AST-00674;linea_AT;Sud;28;37,3;2,2;83,7;87,5;2;298;critica;0
AST-00675;cabina_primaria;Centro;5;45,4;0,97;77,0;51,2;5;163;standard;0
AST-00676;cabina_primaria;Centro;17;39,4;1,82;38,6;52,7;1;46;standard;0
AST-00677;trasformatore;Isole;22;23,9;1,92;50,6;53,9;0;336;alta;0
AST-00678;linea_AT;Centro;16;46,0;2,7;56,5;52,9;3;298;alta;0
AST-00679;linea_AT;Nord;11;30,3;1,02;53,7;59,3;1;224;alta;0
AST-00680;trasformatore;Nord;15;45,0;3,19;58,2;58,8;3;202;standard;0
AST-00681;trasformatore;Nord;26;28,2;1,67;84,7;63,8;2;171;alta;0
AST-00682;trasformatore;Nord;12;35,5;2,39;80,6;50,5;4;276;standard;0
AST-00683;linea_AT;Nord;16;38,1;1,58;60,4;64,3;4;75;standard;0
AST-00684;linea_AT;Centro;29;52,8;3,91;78,7;46,7;5;133;critica;1
AST-00685;linea_AT;Centro;14;37,2;0,78;73,9;72,3;3;300;standard;0
AST-00686;trasformatore;Nord;25;32,3;2,11;67,4;72,1;2;162;standard;0
AST-00687;trasformatore;Centro;17;45,3;0,59;88,7;61,9;5;156;standard;0
AST-00688;turbina_eolica;Isole;36;40,0;2,53;56,1;52,9;0;424;alta;1
AST-00689;turbina_eolica;Sud;28;49,1;0,73;68,9;66,4;0;305;standard;0
AST-00690;cabina_primaria;Centro;19;32,9;1,43;49,1;49,6;2;143;standard;0
AST-00691;cabina_primaria;Nord;14;43,9;1,31;49,9;62,5;3;91;standard;0
AST-00692;cabina_primaria;Isole;21;64,2;6,23;43,5;59,9;1;406;alta;1
AST-00693;cabina_primaria;Nord;14;39,8;1,0;50,3;98,8;0;176;standard;0
AST-00694;cabina_primaria;Nord;19;43,7;3,21;69,5;44,8;7;281;alta;0
AST-00695;turbina_eolica;Isole;25;27,1;0,17;62,6;24,7;3;357;alta;0
AST-00696;trasformatore;Centro;15;34,3;1,8;63,1;53,1;2;185;standard;0
AST-00697;trasformatore;Sud;21;46,1;4,02;62,6;38,0;0;455;standard;1
AST-00698;turbina_eolica;Centro;23;39,0;0,39;99,9;51,8;1;289;standard;0
AST-00699;trasformatore;Sud;30;47,5;3,12;47,5;43,8;4;352;standard;0
AST-00700;trasformatore;Nord;10;45,8;1,59;45,6;49,3;5;35;standard;0
AST-00701;cabina_primaria;Nord;10;30,1;0,23;52,8;47,1;4;95;alta;0
AST-00702;trasformatore;Nord;16;51,1;3,42;66,7;75,5;4;76;standard;0
AST-00703;cabina_primaria;Nord;23;30,8;2,61;77,3;61,3;4;163;standard;0
AST-00704;linea_AT;Sud;30;35,1;0,89;79,1;77,1;1;299;standard;1
AST-00705;linea_AT;Nord;6;44,1;2,72;85,0;62,6;0;288;standard;0
AST-00706;linea_AT;Centro;15;56,1;0,42;66,1;75,0;2;84;standard;0
AST-00707;trasformatore;Sud;17;33,0;1,12;60,9;57,8;1;247;standard;0
AST-00708;linea_AT;Sud;21;43,3;1,77;97,4;84,3;1;360;alta;0
AST-00709;trasformatore;Centro;27;43,4;1,7;17,9;68,6;8;252;standard;0
AST-00710;cabina_primaria;Centro;8;47,9;2,34;69,1;51,1;4;15;standard;0
AST-00711;trasformatore;Isole;15;52,7;6,13;75,7;70,7;1;241;critica;1
AST-00712;trasformatore;Sud;18;38,4;0,72;100,0;62,4;2;319;standard;0
AST-00713;linea_AT;Sud;25;51,1;2,02;38,1;59,2;3;448;alta;0
AST-00714;linea_AT;Isole;29;54,0;2,05;60,4;63,3;2;531;standard;1
AST-00715;turbina_eolica;Sud;26;58,1;3,62;43,6;72,5;1;307;standard;1
AST-00716;linea_AT;Nord;21;46,5;1,7;35,6;32,4;3;146;standard;0
AST-00717;trasformatore;Centro;6;43,4;0,32;64,3;57,1;4;143;alta;0
AST-00718;linea_AT;Nord;21;37,7;1,88;83,0;71,6;5;211;alta;0
AST-00719;trasformatore;Sud;21;28,9;0,28;89,7;65,5;2;462;standard;0
AST-00720;trasformatore;Isole;29;39,5;3,4;58,4;46,2;3;480;standard;1
AST-00721;trasformatore;Centro;9;43,0;1,75;80,0;28,9;6;208;standard;0
AST-00722;trasformatore;Centro;17;41,0;2,28;64,4;85,8;3;143;standard;0
AST-00723;trasformatore;Nord;15;47,4;0,79;78,0;59,4;1;161;standard;0
AST-00724;turbina_eolica;Isole;32;28,9;0,83;88,8;83,2;4;490;critica;0
AST-00725;trasformatore;Nord;4;40,4;2,59;64,5;73,1;6;128;standard;0
AST-00726;trasformatore;Nord;14;60,0;1,43;87,4;50,9;1;15;standard;0
AST-00727;turbina_eolica;Nord;7;51,0;1,0;46,2;27,0;4;131;alta;0
AST-00728;trasformatore;Nord;17;47,5;4,02;79,8;55,5;2;138;standard;0
AST-00729;linea_AT;Centro;22;45,5;1,91;86,6;61,5;5;64;critica;0
AST-00730;cabina_primaria;Centro;25;38,7;1,12;84,7;68,3;2;229;standard;0
AST-00731;turbina_eolica;Nord;11;26,2;1,99;46,7;46,4;7;200;alta;0
AST-00732;cabina_primaria;Nord;20;46,1;1,27;64,3;64,5;7;309;standard;0
AST-00733;trasformatore;Nord;22;20,0;2,44;73,4;64,5;5;53;standard;0
AST-00734;trasformatore;Centro;7;39,1;0,76;76,0;75,8;5;268;standard;0
AST-00735;linea_AT;Nord;18;42,0;3,44;70,1;57,7;1;237;alta;0
AST-00736;linea_AT;Sud;29;38,0;1,27;93,7;68,2;3;382;standard;0
AST-00737;cabina_primaria;Nord;12;61,5;0,57;44,7;66,0;2;79;standard;0
AST-00738;trasformatore;Nord;7;58,4;0,64;63,7;74,3;2;75;standard;0
AST-00739;linea_AT;Centro;23;51,3;1,51;37,6;50,5;5;218;standard;0
AST-00740;turbina_eolica;Centro;10;33,7;1,01;79,2;19,0;5;217;alta;0
AST-00741;trasformatore;Nord;13;59,3;0,48;78,0;58,7;2;115;critica;0
AST-00742;trasformatore;Nord;14;47,6;0,5;100,0;58,8;6;263;alta;0
AST-00743;cabina_primaria;Sud;27;33,5;1,77;86,5;45,8;2;308;standard;1
AST-00744;trasformatore;Nord;10;42,3;2,07;74,0;40,9;3;15;standard;0
AST-00745;cabina_primaria;Centro;13;50,6;1,86;72,6;54,0;2;192;standard;0
AST-00746;linea_AT;Centro;18;36,6;3,94;62,3;60,4;3;248;standard;0
AST-00747;linea_AT;Nord;20;43,3;2,28;70,3;63,3;3;187;standard;0
AST-00748;linea_AT;Centro;31;44,8;1,11;73,0;30,0;3;237;alta;0
AST-00749;cabina_primaria;Sud;14;32,1;8,66;32,6;37,5;3;460;alta;0
AST-00750;trasformatore;Sud;25;39,6;0,86;71,5;77,8;2;251;standard;0
AST-00751;trasformatore;Nord;7;32,8;0,43;69,8;59,3;6;126;alta;0
AST-00752;linea_AT;Nord;20;49,8;2,68;99,6;62,0;4;284;alta;1
AST-00753;turbina_eolica;Nord;8;33,8;5,14;65,6;43,3;2;15;critica;0
AST-00754;trasformatore;Centro;13;44,6;3,05;54,2;61,9;4;206;critica;0
AST-00755;trasformatore;Sud;19;29,5;1,44;72,8;56,7;3;438;standard;0
AST-00756;trasformatore;Nord;14;31,8;0,94;69,3;53,3;4;257;standard;0
AST-00757;trasformatore;Nord;16;31,4;2,56;65,6;41,5;4;213;alta;0
AST-00758;trasformatore;Isole;28;39,4;1,5;45,0;49,8;1;435;alta;1
AST-00759;cabina_primaria;Nord;14;43,6;1,38;65,2;89,6;5;77;standard;0
AST-00760;trasformatore;Centro;9;45,3;4,15;57,6;57,1;5;320;standard;0
AST-00761;cabina_primaria;Sud;27;26,0;0,34;64,1;73,1;3;244;alta;0
AST-00762;cabina_primaria;Nord;14;40,5;2,2;81,2;59,3;1;69;standard;0
AST-00763;trasformatore;Nord;21;35,2;0,99;55,9;57,6;8;191;standard;0
AST-00764;linea_AT;Nord;10;46,8;1,71;64,0;53,1;4;121;standard;0
AST-00765;linea_AT;Isole;15;39,6;0,84;77,7;80,8;1;397;standard;0
AST-00766;linea_AT;Nord;14;41,3;1,5;63,2;67,2;4;194;standard;0
AST-00767;trasformatore;Nord;22;35,3;6,88;100,0;50,9;6;302;standard;1
AST-00768;trasformatore;Nord;15;57,5;2,87;72,5;56,5;6;195;alta;0
AST-00769;trasformatore;Nord;13;30,4;2,55;45,6;77,1;5;111;standard;0
AST-00770;linea_AT;Centro;12;38,4;1,75;52,9;22,3;2;264;alta;0
AST-00771;cabina_primaria;Nord;25;43,0;1,64;51,1;66,3;3;93;standard;0
AST-00772;linea_AT;Centro;11;39,7;1,83;53,1;69,5;6;283;alta;0
AST-00773;linea_AT;Centro;13;35,1;2,38;77,7;51,5;5;215;standard;0
AST-00774;cabina_primaria;Sud;26;25,7;2,9;48,1;64,2;2;372;alta;1
AST-00775;linea_AT;Nord;3;35,8;5,53;62,0;69,0;4;18;standard;0
AST-00776;trasformatore;Sud;31;33,4;1,44;88,6;44,8;0;160;standard;0
AST-00777;cabina_primaria;Centro;21;57,1;4,08;58,6;73,8;5;90;standard;0
AST-00778;turbina_eolica;Nord;19;62,4;5,57;80,1;66,2;4;300;standard;1
AST-00779;trasformatore;Sud;26;41,5;3,05;37,7;59,9;3;248;alta;0
AST-00780;turbina_eolica;Sud;22;29,4;1,62;61,3;63,5;4;399;standard;0
AST-00781;cabina_primaria;Nord;8;48,6;3,06;52,1;71,9;3;109;critica;0
AST-00782;trasformatore;Isole;24;33,2;0,46;73,4;94,4;2;361;standard;0
AST-00783;turbina_eolica;Centro;11;37,1;4,98;49,4;70,5;5;206;standard;1
AST-00784;trasformatore;Centro;20;36,3;3,24;100,0;73,3;5;342;critica;1
AST-00785;trasformatore;Isole;30;37,5;1,57;38,5;64,7;1;427;standard;0
AST-00786;trasformatore;Nord;23;38,8;1,49;88,4;88,6;7;191;alta;0
AST-00787;linea_AT;Sud;25;30,2;0,56;83,8;41,5;4;444;standard;1
AST-00788;cabina_primaria;Nord;20;35,7;3,57;73,6;37,7;4;109;standard;0
AST-00789;trasformatore;Sud;21;51,2;1,51;69,0;64,1;4;425;alta;0
AST-00790;trasformatore;Centro;14;41,7;5,26;100,0;71,2;5;282;standard;0
AST-00791;trasformatore;Nord;17;43,1;0,45;100,0;26,0;6;231;alta;0
AST-00792;trasformatore;Centro;15;21,9;0,85;64,3;62,0;4;198;standard;0
AST-00793;linea_AT;Nord;16;50,5;0,77;70,8;59,5;8;125;alta;0
AST-00794;linea_AT;Nord;8;35,8;0,15;58,1;72,4;4;90;standard;0
AST-00795;linea_AT;Nord;9;52,1;2,69;47,0;68,0;5;95;standard;0
AST-00796;turbina_eolica;Nord;18;43,4;0,67;76,3;36,7;5;87;standard;0
AST-00797;linea_AT;Nord;19;36,9;0,85;72,5;46,9;1;189;alta;0
AST-00798;trasformatore;Nord;8;26,9;0,7;39,0;50,7;2;142;critica;0
AST-00799;trasformatore;Sud;27;61,6;1,29;76,2;72,3;4;375;critica;0
AST-00800;cabina_primaria;Sud;20;49,2;4,6;73,1;67,2;2;379;alta;1
AST-00801;linea_AT;Sud;23;49,8;2,38;57,2;53,3;5;255;alta;0
AST-00802;cabina_primaria;Nord;23;58,4;1,97;56,0;64,0;7;73;alta;0
AST-00803;cabina_primaria;Isole;30;44,0;1,72;75,6;47,2;2;362;standard;1
AST-00804;linea_AT;Centro;22;54,2;1,14;97,0;90,7;6;148;standard;0
AST-00805;cabina_primaria;Nord;25;37,7;1,15;75,2;70,0;7;90;alta;0
AST-00806;turbina_eolica;Nord;10;48,6;1,9;82,0;73,0;4;296;standard;0
AST-00807;trasformatore;Sud;17;36,3;4,28;53,0;81,3;2;217;alta;1
AST-00808;trasformatore;Nord;10;37,5;1,07;60,5;76,2;3;322;standard;0
AST-00809;trasformatore;Centro;15;42,9;3,31;78,9;62,4;7;233;standard;0
AST-00810;trasformatore;Isole;11;30,6;0,73;43,5;59,4;0;459;alta;0
AST-00811;turbina_eolica;Nord;13;45,0;2,67;71,7;80,0;5;229;standard;0
AST-00812;linea_AT;Nord;11;39,2;4,17;76,9;62,4;4;209;critica;1
AST-00813;linea_AT;Isole;30;24,1;1,62;67,3;51,5;3;513;critica;0
AST-00814;linea_AT;Centro;19;37,9;1,14;73,7;89,5;3;123;standard;0
AST-00815;trasformatore;Nord;10;38,9;2,67;69,0;48,9;4;147;alta;0
AST-00816;linea_AT;Isole;29;49,7;4,92;56,8;37,7;4;312;standard;1
AST-00817;turbina_eolica;Isole;29;44,6;3,21;46,8;75,9;1;244;standard;1
AST-00818;trasformatore;Centro;12;55,0;5,35;66,4;51,8;4;157;alta;1
AST-00819;trasformatore;Centro;14;46,7;1,74;91,5;68,1;2;360;standard;0
AST-00820;trasformatore;Nord;1;37,0;1,66;86,4;87,4;3;146;standard;0
AST-00821;trasformatore;Nord;7;41,5;0,5;61,8;42,8;6;319;standard;0
AST-00822;cabina_primaria;Centro;13;38,9;1,11;61,4;61,4;5;377;alta;0
AST-00823;linea_AT;Nord;14;46,4;1,57;60,1;82,8;1;400;alta;0
AST-00824;linea_AT;Sud;17;42,5;1,69;60,1;71,5;4;492;standard;0
AST-00825;trasformatore;Sud;20;36,3;2,63;73,2;59,5;1;529;standard;0
AST-00826;cabina_primaria;Nord;7;42,1;1,2;87,0;95,5;4;186;alta;0
AST-00827;linea_AT;Centro;18;46,2;1,25;100,0;60,7;2;228;standard;0
AST-00828;trasformatore;Nord;17;32,9;5,94;53,1;67,6;3;184;standard;1
AST-00829;linea_AT;Sud;25;44,9;0,16;79,7;85,1;3;340;standard;0
AST-00830;turbina_eolica;Nord;14;27,8;0,22;77,8;75,7;2;172;alta;0
AST-00831;turbina_eolica;Centro;8;52,0;0,83;62,1;80,5;5;270;standard;0
AST-00832;trasformatore;Centro;13;46,7;0,21;49,5;49,4;2;173;standard;0
AST-00833;turbina_eolica;Centro;15;56,7;0,27;73,0;79,2;6;100;standard;0
AST-00834;trasformatore;Sud;21;32,0;1,31;100,0;64,4;2;369;standard;0
AST-00835;trasformatore;Sud;23;52,2;2,15;72,8;51,6;0;285;critica;1
AST-00836;trasformatore;Centro;26;50,4;1,27;53,8;65,1;3;163;alta;0
AST-00837;cabina_primaria;Sud;28;40,4;2,24;65,2;64,7;2;329;alta;0
AST-00838;trasformatore;Isole;19;38,6;2,91;47,5;88,2;2;350;standard;0
AST-00839;turbina_eolica;Centro;21;32,2;1,98;68,3;67,3;3;299;standard;0
AST-00840;trasformatore;Centro;21;29,9;2,24;80,3;51,1;5;197;standard;0
AST-00841;cabina_primaria;Nord;9;35,2;1,4;55,5;47,8;6;253;standard;0
AST-00842;linea_AT;Sud;28;30,7;1,19;9,4;61,3;1;356;alta;0
AST-00843;cabina_primaria;Centro;16;56,4;0,19;73,0;43,2;1;203;standard;0
AST-00844;trasformatore;Centro;9;28,5;3,01;59,0;52,0;3;223;alta;1
AST-00845;trasformatore;Nord;17;43,3;1,92;54,5;58,6;5;57;standard;0
AST-00846;linea_AT;Isole;26;45,9;2,12;54,3;56,1;2;407;standard;1
AST-00847;trasformatore;Centro;16;45,2;0,47;75,2;72,2;5;278;standard;0
AST-00848;cabina_primaria;Sud;23;46,0;0,87;60,7;51,7;3;419;standard;0
AST-00849;cabina_primaria;Nord;10;50,5;1,34;84,7;27,4;6;52;standard;0
AST-00850;turbina_eolica;Isole;29;38,0;0,66;85,1;38,4;1;258;standard;0
AST-00851;cabina_primaria;Nord;14;42,8;1,96;63,1;61,8;2;117;critica;0
AST-00852;linea_AT;Nord;15;39,4;1,87;58,6;53,8;3;271;standard;0
AST-00853;trasformatore;Sud;25;53,7;1,78;70,3;44,7;1;358;standard;0
AST-00854;turbina_eolica;Isole;18;60,9;2,98;65,4;89,4;5;318;standard;1
AST-00855;trasformatore;Nord;9;31,3;1,99;36,5;73,6;5;44;standard;0
AST-00856;cabina_primaria;Centro;4;23,7;3,95;100,0;61,2;4;155;alta;0
AST-00857;trasformatore;Sud;26;47,1;2,04;80,9;65,3;1;280;standard;0
AST-00858;trasformatore;Sud;16;51,6;1,02;59,7;58,3;3;415;alta;0
AST-00859;linea_AT;Nord;15;59,6;1,67;33,5;44,4;4;241;alta;0
AST-00860;trasformatore;Centro;19;48,6;0,11;64,8;76,4;7;126;standard;0
AST-00861;trasformatore;Sud;27;54,6;2,14;57,4;73,9;5;400;standard;0
AST-00862;linea_AT;Sud;16;56,9;0,89;66,9;34,3;3;392;standard;0
AST-00863;trasformatore;Sud;23;55,2;1,84;29,1;65,2;6;246;standard;0
AST-00864;turbina_eolica;Centro;27;49,9;1,01;59,5;66,7;4;203;standard;0
AST-00865;trasformatore;Nord;24;30,5;0,66;60,6;57,5;8;187;standard;0
AST-00866;trasformatore;Isole;31;41,9;4,75;64,5;91,4;1;393;alta;1
AST-00867;trasformatore;Sud;25;44,7;0,99;63,7;89,8;1;203;standard;0
AST-00868;linea_AT;Sud;17;41,1;0,85;68,9;56,7;2;350;standard;0
AST-00869;cabina_primaria;Nord;18;41,7;2,71;95,4;58,9;2;211;alta;0
AST-00870;trasformatore;Nord;13;56,1;1,31;58,7;57,2;3;286;standard;0
AST-00871;cabina_primaria;Sud;26;35,2;0,94;51,6;53,4;4;286;standard;0
AST-00872;linea_AT;Nord;10;49,2;2,76;36,9;49,1;7;116;standard;0
AST-00873;linea_AT;Isole;24;44,8;1,63;58,8;69,1;3;363;standard;0
AST-00874;linea_AT;Nord;15;34,3;3,0;42,8;89,5;7;183;standard;0
AST-00875;linea_AT;Sud;24;32,3;4,04;85,3;83,7;3;348;standard;0
AST-00876;cabina_primaria;Isole;28;26,7;1,29;66,3;73,0;0;428;alta;0
AST-00877;turbina_eolica;Centro;14;46,4;2,61;84,9;28,3;7;120;standard;0
AST-00878;turbina_eolica;Nord;6;41,4;4,16;94,4;35,9;9;192;alta;0
AST-00879;trasformatore;Centro;27;34,6;4,88;52,4;76,9;6;151;standard;0
AST-00880;trasformatore;Centro;32;25,1;1,09;61,7;84,7;5;199;standard;0
AST-00881;linea_AT;Centro;20;45,9;3,29;92,0;69,8;3;347;standard;1
AST-00882;trasformatore;Centro;9;40,4;0,23;71,4;57,7;3;98;standard;0
AST-00883;trasformatore;Isole;20;35,6;2,02;77,4;80,9;1;358;standard;1
AST-00884;trasformatore;Centro;20;33,3;0,53;86,6;72,6;3;108;standard;0
AST-00885;trasformatore;Nord;22;39,9;1,29;84,1;77,9;4;172;standard;0
AST-00886;linea_AT;Nord;7;46,2;6,27;75,4;36,0;4;244;standard;1
AST-00887;linea_AT;Centro;16;39,0;3,04;93,1;66,8;2;224;standard;0
AST-00888;turbina_eolica;Nord;15;31,3;0,55;66,8;86,8;5;151;standard;0
AST-00889;trasformatore;Nord;19;41,5;0,71;77,3;69,4;8;266;standard;0
AST-00890;turbina_eolica;Sud;21;51,4;3,51;64,8;75,3;2;366;standard;0
AST-00891;turbina_eolica;Nord;5;42,4;3,43;86,4;62,5;3;226;standard;0
AST-00892;linea_AT;Isole;29;42,6;3,55;55,4;63,5;2;437;standard;1
AST-00893;linea_AT;Nord;21;39,1;2,02;37,7;81,6;6;15;standard;0
AST-00894;turbina_eolica;Nord;14;34,0;3,03;79,8;52,6;3;154;critica;0
AST-00895;turbina_eolica;Sud;25;33,7;1,33;49,6;51,3;3;254;alta;0
AST-00896;cabina_primaria;Isole;22;27,0;1,29;47,9;55,3;1;314;standard;0
AST-00897;linea_AT;Nord;9;52,6;1,94;90,8;62,3;6;278;standard;0
AST-00898;turbina_eolica;Nord;20;46,2;0,92;85,4;39,5;2;130;alta;1
AST-00899;turbina_eolica;Nord;16;42,7;0,8;61,8;72,2;3;311;standard;0
AST-00900;trasformatore;Centro;20;44,7;2,5;13,2;59,7;7;97;standard;0
AST-00901;cabina_primaria;Centro;26;45,1;2,65;77,6;74,0;2;123;alta;0
AST-00902;trasformatore;Nord;8;35,4;0,82;79,9;32,3;2;221;standard;0
AST-00903;trasformatore;Nord;11;39,1;1,1;77,3;74,0;1;133;standard;0
AST-00904;cabina_primaria;Centro;18;37,7;2,26;76,5;80,7;2;235;standard;0
AST-00905;linea_AT;Isole;22;64,6;2,14;64,7;68,1;2;371;standard;0
AST-00906;trasformatore;Sud;28;51,2;2,02;60,6;62,4;0;329;standard;0
AST-00907;trasformatore;Centro;16;43,5;0,85;48,1;74,1;4;186;standard;0
AST-00908;trasformatore;Nord;8;54,3;6,8;55,4;79,8;5;174;alta;1
AST-00909;linea_AT;Nord;14;53,2;1,2;73,8;69,3;7;211;standard;0
AST-00910;trasformatore;Nord;15;29,6;2,33;74,1;70,4;6;289;standard;0
AST-00911;cabina_primaria;Sud;29;40,0;0,66;82,2;85,2;2;324;standard;0
AST-00912;cabina_primaria;Sud;25;41,9;1,63;42,7;72,7;3;309;critica;0
AST-00913;turbina_eolica;Isole;28;47,5;0,81;38,1;50,8;1;338;standard;0
AST-00914;linea_AT;Isole;27;40,0;1,17;61,2;79,7;0;498;standard;0
AST-00915;trasformatore;Isole;24;41,1;2,04;49,6;60,3;3;435;standard;0
AST-00916;trasformatore;Isole;21;37,8;3,91;71,3;62,5;0;228;standard;1
AST-00917;linea_AT;Nord;16;51,4;1,07;44,4;63,5;2;15;standard;0
AST-00918;trasformatore;Nord;12;29,0;1,98;89,2;75,6;3;94;standard;0
AST-00919;trasformatore;Nord;24;38,2;2,31;53,2;86,5;2;178;critica;0
AST-00920;trasformatore;Centro;25;25,4;2,73;96,7;62,3;5;207;standard;0
AST-00921;trasformatore;Nord;18;32,7;0,31;77,4;86,2;1;201;standard;0
AST-00922;turbina_eolica;Sud;25;44,9;3,0;49,0;64,3;0;326;alta;1
AST-00923;linea_AT;Centro;16;45,0;2,33;100,0;81,6;6;322;standard;1
AST-00924;cabina_primaria;Centro;9;39,2;2,02;72,8;64,8;2;272;standard;0
AST-00925;linea_AT;Nord;13;52,1;6,53;71,0;55,1;4;166;standard;1
AST-00926;cabina_primaria;Nord;15;54,2;0,98;66,8;88,9;5;252;standard;0
AST-00927;turbina_eolica;Nord;15;41,4;2,14;76,4;53,8;4;28;standard;0
AST-00928;cabina_primaria;Sud;26;44,3;5,67;77,5;52,8;4;333;alta;0
AST-00929;turbina_eolica;Centro;23;37,9;3,63;52,4;44,4;4;221;standard;0
AST-00930;trasformatore;Sud;19;47,6;1,28;64,2;79,7;1;388;standard;0
AST-00931;cabina_primaria;Nord;10;31,3;1,99;70,1;83,0;2;23;standard;0
AST-00932;trasformatore;Nord;23;58,2;2,04;78,5;67,2;5;139;standard;1
AST-00933;trasformatore;Centro;22;52,3;1,43;78,8;48,2;1;242;critica;0
AST-00934;trasformatore;Sud;21;31,2;0,56;71,0;61,9;1;378;standard;0
AST-00935;turbina_eolica;Sud;22;34,9;1,3;58,1;57,8;1;435;standard;0
AST-00936;turbina_eolica;Nord;13;45,8;2,44;57,2;47,6;4;221;standard;0
AST-00937;turbina_eolica;Isole;25;39,0;1,28;46,6;55,2;0;375;alta;1
AST-00938;cabina_primaria;Nord;17;46,9;1,63;78,7;69,1;2;214;standard;0
AST-00939;trasformatore;Isole;40;38,8;3,94;56,9;53,5;1;364;standard;1
AST-00940;turbina_eolica;Nord;15;55,7;1,64;64,5;66,1;3;172;alta;0
AST-00941;trasformatore;Nord;18;42,1;1,71;72,3;37,1;7;224;standard;0
AST-00942;cabina_primaria;Sud;13;63,8;1,87;68,1;85,5;1;336;standard;0
AST-00943;trasformatore;Nord;11;47,4;1,19;67,9;56,5;12;189;alta;0
AST-00944;trasformatore;Centro;24;29,9;3,06;51,7;74,2;1;287;alta;0
AST-00945;turbina_eolica;Centro;19;60,8;0,66;72,8;64,6;4;267;alta;0
AST-00946;linea_AT;Nord;1;51,9;1,19;62,4;67,6;2;259;critica;0
AST-00947;linea_AT;Sud;27;45,4;2,0;66,4;46,2;0;526;standard;1
AST-00948;linea_AT;Sud;35;47,8;1,34;88,8;51,4;2;396;alta;0
AST-00949;linea_AT;Sud;11;31,3;4,6;77,1;51,7;3;303;alta;0
AST-00950;turbina_eolica;Nord;23;25,8;1,73;57,7;62,4;2;201;standard;0
AST-00951;trasformatore;Centro;1;41,6;1,69;65,3;80,6;6;248;critica;0
AST-00952;trasformatore;Nord;20;54,4;0,82;96,8;68,1;1;209;alta;0
AST-00953;trasformatore;Nord;14;45,6;1,36;62,5;49,4;4;280;alta;0
AST-00954;trasformatore;Nord;1;57,4;2,97;68,7;63,2;5;25;standard;0
AST-00955;turbina_eolica;Isole;28;53,9;1,01;80,0;60,9;2;501;standard;1
AST-00956;turbina_eolica;Isole;32;42,2;0,39;71,9;57,1;1;528;critica;1
AST-00957;linea_AT;Sud;25;52,7;1,53;61,3;61,8;1;385;critica;0
AST-00958;turbina_eolica;Centro;21;55,7;1,78;54,6;72,7;3;257;standard;0
AST-00959;linea_AT;Centro;15;41,3;1,25;67,8;51,9;4;191;standard;0
AST-00960;linea_AT;Centro;6;40,1;3,98;79,8;57,2;6;211;standard;0
AST-00961;trasformatore;Centro;21;43,3;6,26;91,8;75,7;3;266;standard;1
AST-00962;trasformatore;Centro;27;20,3;1,99;41,6;68,6;2;261;standard;0
AST-00963;linea_AT;Nord;21;44,5;1,35;99,7;79,9;4;218;critica;0
AST-00964;linea_AT;Nord;2;48,5;2,44;62,8;82,1;3;210;standard;0
AST-00965;trasformatore;Isole;16;43,3;3,99;84,6;43,0;1;452;alta;1
AST-00966;trasformatore;Centro;12;45,1;1,08;54,7;66,0;4;273;standard;0
AST-00967;linea_AT;Isole;15;41,6;2,87;39,0;54,9;4;298;standard;0
AST-00968;linea_AT;Nord;14;24,0;1,53;44,4;45,2;4;227;standard;0
AST-00969;trasformatore;Centro;19;57,0;3,49;62,0;51,0;5;359;standard;0
AST-00970;turbina_eolica;Nord;5;38,7;0,82;77,4;57,8;1;158;alta;0
AST-00971;cabina_primaria;Nord;19;36,4;4,31;68,6;57,9;9;280;standard;0
AST-00972;trasformatore;Nord;18;54,2;2,04;63,5;53,5;2;87;critica;0
AST-00973;cabina_primaria;Nord;11;50,8;2,44;88,1;61,8;3;158;standard;0
AST-00974;trasformatore;Isole;24;44,5;0,71;68,0;96,3;1;329;critica;0
AST-00975;turbina_eolica;Nord;2;48,9;0,7;73,0;37,8;3;270;standard;0
AST-00976;turbina_eolica;Centro;15;31,6;2,18;100,0;77,9;5;341;standard;0
AST-00977;trasformatore;Centro;17;41,3;2,49;67,9;61,7;2;202;standard;0
AST-00978;cabina_primaria;Centro;18;53,7;1,43;55,5;55,9;1;304;standard;0
AST-00979;turbina_eolica;Centro;19;35,9;2,66;76,7;33,7;6;342;standard;0
AST-00980;cabina_primaria;Nord;15;33,0;0,71;81,2;72,7;2;157;critica;0
AST-00981;trasformatore;Isole;23;42,7;0,53;73,4;41,8;1;390;alta;1
AST-00982;cabina_primaria;Sud;25;42,9;1,88;70,8;73,6;1;399;standard;0
AST-00983;cabina_primaria;Sud;29;47,8;0,69;94,7;86,4;3;273;standard;0
AST-00984;linea_AT;Centro;16;29,6;0,4;92,4;44,0;6;219;standard;0
AST-00985;trasformatore;Nord;16;19,1;0,87;65,9;78,4;1;331;alta;0
AST-00986;linea_AT;Isole;24;50,3;2,43;56,4;62,4;0;340;alta;1
AST-00987;turbina_eolica;Nord;10;32,3;2,01;75,7;32,7;1;228;standard;0
AST-00988;cabina_primaria;Nord;17;36,5;4,03;56,3;45,1;6;202;standard;0
AST-00989;turbina_eolica;Nord;11;22,4;2,1;83,9;64,5;6;147;standard;0
AST-00990;trasformatore;Sud;25;51,2;0,73;75,6;67,6;0;358;standard;1
AST-00991;trasformatore;Centro;17;45,2;2,54;100,0;39,9;0;350;standard;0
AST-00992;linea_AT;Sud;21;44,8;1,05;94,5;62,4;0;384;standard;0
AST-00993;cabina_primaria;Sud;21;44,7;1,41;48,6;73,5;1;397;alta;0
AST-00994;trasformatore;Nord;11;23,5;1,07;58,7;76,0;1;288;standard;0
AST-00995;linea_AT;Isole;15;33,1;0,65;33,5;56,2;3;357;critica;0
AST-00996;cabina_primaria;Centro;19;37,9;8,36;29,5;68,1;5;126;alta;1
AST-00997;trasformatore;Centro;18;35,3;0,93;70,0;77,0;0;351;standard;0
AST-00998;trasformatore;Nord;19;39,6;0,35;46,5;73,9;5;171;standard;0
AST-00999;linea_AT;Isole;22;44,2;2,74;97,5;74,5;1;451;standard;1
AST-01000;linea_AT;Nord;25;51,1;0,26;88,8;63,6;5;99;alta;0
AST-01001;trasformatore;Nord;12;28,7;1,54;63,1;60,7;1;191;standard;0
AST-01002;cabina_primaria;Centro;12;41,9;3,02;62,1;65,8;5;122;critica;0
AST-01003;turbina_eolica;Nord;8;48,4;0,58;94,7;51,3;2;165;alta;0
AST-01004;cabina_primaria;Nord;4;33,7;1,73;98,9;77,6;3;108;standard;0
AST-01005;cabina_primaria;Centro;26;40,3;1,37;51,2;40,6;4;140;standard;0
AST-01006;cabina_primaria;Centro;25;46,2;0,92;48,9;54,9;5;186;standard;0
AST-01007;turbina_eolica;Isole;29;42,1;4,03;62,6;61,5;2;197;standard;1
AST-01008;trasformatore;Nord;9;48,1;1,36;75,8;68,6;5;67;standard;0
AST-01009;turbina_eolica;Sud;34;42,9;2,71;58,8;71,2;5;403;alta;1
AST-01010;trasformatore;Centro;15;39,2;3,19;76,1;82,8;2;238;standard;0
AST-01011;linea_AT;Sud;21;31,4;1,49;100,0;63,1;3;254;standard;0
AST-01012;trasformatore;Centro;26;44,2;0,75;42,7;51,9;5;254;alta;0
AST-01013;turbina_eolica;Centro;21;42,9;3,24;60,0;60,0;3;140;standard;0
AST-01014;trasformatore;Isole;38;33,1;1,54;43,0;57,5;2;438;standard;1
AST-01015;trasformatore;Nord;15;47,2;1,66;52,9;69,3;5;151;standard;0
AST-01016;trasformatore;Nord;12;53,4;1,3;62,7;47,1;4;134;alta;0
AST-01017;linea_AT;Sud;19;36,1;3,17;54,9;59,5;1;333;standard;1
AST-01018;linea_AT;Sud;12;35,5;0,67;77,4;84,7;3;545;standard;0
AST-01019;trasformatore;Nord;12;35,1;1,68;70,7;64,5;4;99;alta;0
AST-01020;cabina_primaria;Centro;24;26,9;0,76;73,4;47,3;2;228;alta;0
AST-01021;cabina_primaria;Isole;29;60,0;1,3;62,5;57,2;0;443;standard;1
AST-01022;trasformatore;Sud;23;38,0;3,45;64,1;30,7;0;263;standard;0
AST-01023;linea_AT;Isole;19;34,3;3,42;61,7;61,2;0;252;alta;1
AST-01024;turbina_eolica;Centro;18;31,9;1,45;63,5;85,1;4;162;standard;0
AST-01025;trasformatore;Sud;29;38,5;2,1;75,5;45,4;1;401;critica;1
AST-01026;turbina_eolica;Nord;17;35,7;2,07;33,4;41,6;4;133;standard;0
AST-01027;trasformatore;Isole;26;54,9;0,77;73,2;52,9;3;362;alta;0
AST-01028;cabina_primaria;Nord;9;30,8;2,47;52,4;74,9;6;233;critica;0
AST-01029;cabina_primaria;Sud;28;28,2;0,83;61,9;85,9;5;275;standard;0
AST-01030;cabina_primaria;Centro;1;47,0;1,24;39,9;68,3;2;203;standard;0
AST-01031;linea_AT;Centro;19;41,0;0,36;61,5;44,0;4;89;standard;0
AST-01032;linea_AT;Sud;38;40,0;2,76;73,0;61,7;2;366;alta;1
AST-01033;cabina_primaria;Centro;8;47,0;3,18;76,2;87,1;4;228;critica;0
AST-01034;trasformatore;Isole;24;43,2;2,16;46,6;57,6;2;444;critica;1
AST-01035;trasformatore;Centro;17;41,6;1,74;75,4;64,0;5;118;standard;0
AST-01036;linea_AT;Centro;14;29,3;1,19;88,5;65,4;7;195;alta;0
AST-01037;trasformatore;Nord;20;27,0;2,81;59,1;40,4;1;58;alta;0
AST-01038;trasformatore;Centro;20;35,7;4,66;68,0;76,0;4;190;standard;0
AST-01039;trasformatore;Centro;18;32,2;0,93;30,8;74,0;6;329;alta;0
AST-01040;linea_AT;Nord;19;44,4;1,47;51,9;34,1;5;134;standard;0
AST-01041;trasformatore;Nord;14;25,8;0,73;72,9;43,4;7;51;critica;0
AST-01042;trasformatore;Sud;42;38,0;1,74;85,2;48,4;2;286;alta;1
AST-01043;trasformatore;Sud;24;40,4;1,29;57,2;72,5;0;211;standard;0
AST-01044;turbina_eolica;Sud;24;41,6;1,55;100,0;51,5;2;236;standard;1
AST-01045;cabina_primaria;Nord;4;45,6;2,83;73,7;67,6;3;214;critica;0
AST-01046;trasformatore;Nord;11;39,1;3,37;45,1;59,5;4;44;standard;0
AST-01047;linea_AT;Nord;21;36,0;0,64;91,2;63,0;5;185;standard;0
AST-01048;linea_AT;Sud;15;53,2;2,06;45,4;68,9;1;342;standard;0
AST-01049;trasformatore;Sud;10;39,1;4,04;73,9;65,8;0;297;standard;0
AST-01050;cabina_primaria;Nord;14;54,8;2,37;51,3;61,7;5;178;standard;0
AST-01051;linea_AT;Sud;31;39,1;0,78;43,6;66,6;1;265;standard;0
AST-01052;linea_AT;Nord;14;41,9;3,27;85,3;65,0;9;227;critica;0
AST-01053;trasformatore;Nord;12;40,8;2,48;63,3;59,1;4;104;alta;0
AST-01054;trasformatore;Nord;3;44,1;2,32;99,1;56,0;6;129;alta;0
AST-01055;cabina_primaria;Nord;17;38,2;1,44;49,7;88,3;5;120;standard;0
AST-01056;linea_AT;Sud;27;42,9;2,23;39,9;55,8;0;395;alta;0
AST-01057;cabina_primaria;Isole;14;55,8;8,05;59,4;81,1;0;424;standard;1
AST-01058;cabina_primaria;Nord;21;51,4;0,3;100,0;52,4;4;15;alta;0
AST-01059;trasformatore;Centro;22;51,5;1,23;83,0;73,3;3;230;alta;0
AST-01060;linea_AT;Sud;30;29,9;1,32;78,0;87,0;2;200;standard;0
AST-01061;turbina_eolica;Isole;29;31,4;0,13;78,6;57,3;0;353;critica;0
AST-01062;linea_AT;Centro;21;44,0;5,79;59,3;52,7;3;201;critica;1
AST-01063;trasformatore;Nord;17;48,9;0,73;100,0;56,0;4;132;standard;1
AST-01064;trasformatore;Centro;22;37,3;0,69;76,2;61,7;4;250;critica;0
AST-01065;linea_AT;Nord;3;35,7;0,45;74,6;66,5;6;218;alta;0
AST-01066;linea_AT;Isole;16;54,5;1,22;85,7;61,4;1;318;standard;1
AST-01067;linea_AT;Centro;13;48,2;2,32;45,1;56,1;7;145;standard;0
AST-01068;trasformatore;Sud;22;51,5;1,65;52,2;89,4;3;337;alta;0
AST-01069;trasformatore;Nord;16;38,0;0,82;63,6;59,2;6;37;alta;0
AST-01070;cabina_primaria;Centro;19;37,3;2,23;85,8;53,3;6;172;standard;0
AST-01071;turbina_eolica;Sud;30;50,5;1,66;44,6;73,6;1;448;standard;0
AST-01072;turbina_eolica;Centro;24;39,6;3,74;66,8;73,9;1;89;standard;1
AST-01073;linea_AT;Centro;12;36,5;1,02;64,2;81,8;1;183;standard;0
AST-01074;turbina_eolica;Isole;26;33,8;0,95;39,7;89,0;2;333;standard;0
AST-01075;linea_AT;Sud;18;37,4;2,92;58,8;66,8;4;500;standard;0
AST-01076;turbina_eolica;Nord;13;49,9;0,7;77,8;58,0;8;117;alta;0
AST-01077;cabina_primaria;Centro;19;28,4;0,44;41,3;35,4;1;172;standard;0
AST-01078;cabina_primaria;Centro;1;47,7;1,63;93,4;48,9;3;128;alta;0
AST-01079;cabina_primaria;Centro;31;35,6;2,37;76,4;64,9;3;211;alta;0
AST-01080;linea_AT;Nord;17;40,1;0,41;74,2;45,5;9;182;critica;0
AST-01081;turbina_eolica;Nord;10;40,7;3,14;68,1;39,8;1;89;critica;0
AST-01082;linea_AT;Isole;37;40,0;0,37;48,3;62,9;2;459;critica;1
AST-01083;cabina_primaria;Isole;23;39,4;1,07;56,3;72,9;2;402;standard;0
AST-01084;linea_AT;Sud;24;38,0;1,66;74,5;58,5;0;408;standard;0
AST-01085;linea_AT;Isole;22;36,9;3,98;56,3;74,6;0;354;standard;1
AST-01086;linea_AT;Sud;33;53,9;4,13;71,4;70,6;5;359;standard;1
AST-01087;linea_AT;Sud;22;42,2;1,89;51,8;78,1;2;323;standard;1
AST-01088;linea_AT;Sud;24;40,9;1,21;76,1;92,4;1;457;standard;0
AST-01089;trasformatore;Centro;24;36,2;1,27;77,5;98,6;4;219;standard;0
AST-01090;turbina_eolica;Centro;21;38,3;5,43;38,7;72,2;2;211;standard;1
AST-01091;linea_AT;Nord;14;36,2;3,55;69,2;55,6;4;123;standard;0
AST-01092;trasformatore;Centro;24;48,9;2,17;40,6;62,9;5;169;critica;0
AST-01093;cabina_primaria;Nord;29;35,2;1,93;34,5;84,0;12;179;standard;0
AST-01094;linea_AT;Nord;16;21,8;1,81;57,3;49,5;4;226;standard;0
AST-01095;trasformatore;Centro;18;42,5;0,29;100,0;82,3;6;155;standard;0
AST-01096;cabina_primaria;Centro;18;39,5;0,08;82,0;59,6;8;220;standard;0
AST-01097;linea_AT;Nord;22;36,7;1,41;93,1;65,2;3;175;critica;0
AST-01098;linea_AT;Sud;19;50,2;0,63;79,0;50,7;2;369;standard;0
AST-01099;turbina_eolica;Sud;21;17,4;1,95;71,7;43,5;2;203;standard;0
AST-01100;cabina_primaria;Nord;5;56,2;1,84;84,1;58,1;6;86;alta;0
AST-01101;turbina_eolica;Nord;7;51,5;0,43;56,5;80,2;4;51;standard;0
AST-01102;linea_AT;Nord;11;36,3;1,97;76,5;52,2;3;163;standard;0
AST-01103;trasformatore;Sud;23;37,9;2,05;89,2;84,6;2;268;standard;0
AST-01104;linea_AT;Sud;34;46,5;2,01;80,6;54,0;2;300;standard;1
AST-01105;linea_AT;Nord;17;46,8;1,03;90,4;47,0;2;64;standard;0
AST-01106;linea_AT;Sud;18;36,3;2,29;71,3;65,6;2;308;alta;0
AST-01107;turbina_eolica;Nord;10;27,4;2,4;98,5;71,5;3;70;standard;0
AST-01108;cabina_primaria;Centro;25;61,0;2,28;64,3;64,6;2;271;standard;0
AST-01109;linea_AT;Isole;32;50,6;1,36;100,0;64,1;3;418;standard;1
AST-01110;trasformatore;Nord;14;43,4;4,33;78,3;84,4;4;172;standard;0
AST-01111;cabina_primaria;Nord;11;43,6;3,76;61,1;63,3;5;136;standard;0
AST-01112;linea_AT;Centro;24;47,6;1,74;46,8;55,4;3;47;critica;0
AST-01113;cabina_primaria;Centro;11;48,7;0,96;53,5;46,1;4;173;alta;0
AST-01114;cabina_primaria;Isole;27;23,2;0,87;50,7;79,8;1;319;critica;0
AST-01115;cabina_primaria;Isole;39;38,8;2,43;66,4;56,0;1;400;standard;1
AST-01116;linea_AT;Nord;15;37,9;0,55;45,1;57,4;5;210;standard;0
AST-01117;linea_AT;Nord;9;40,5;2,55;91,3;76,7;1;186;standard;0
AST-01118;trasformatore;Sud;25;48,9;0,48;70,0;90,8;4;441;standard;1
AST-01119;turbina_eolica;Nord;11;25,9;1,54;69,3;65,5;4;115;standard;0
AST-01120;linea_AT;Isole;17;29,9;2,42;47,0;60,1;2;331;standard;0
AST-01121;turbina_eolica;Sud;27;35,9;0,9;54,2;61,9;3;423;alta;0
AST-01122;cabina_primaria;Nord;21;43,4;3,1;28,0;55,6;3;173;alta;0
AST-01123;trasformatore;Sud;21;49,5;1,24;97,1;57,0;3;320;standard;1
AST-01124;turbina_eolica;Nord;12;56,7;1,64;42,5;57,1;3;308;standard;1
AST-01125;turbina_eolica;Centro;11;39,4;0,23;43,8;74,8;6;256;standard;0
AST-01126;turbina_eolica;Centro;16;49,5;0,47;93,4;60,8;4;195;alta;0
AST-01127;trasformatore;Centro;14;48,4;0,26;75,0;81,0;3;155;standard;0
AST-01128;trasformatore;Sud;17;46,9;2,73;70,2;60,4;2;446;alta;0
AST-01129;cabina_primaria;Sud;34;41,8;1,2;74,1;56,9;1;357;standard;0
AST-01130;turbina_eolica;Isole;28;38,4;3,3;85,2;79,9;4;382;alta;1
AST-01131;trasformatore;Isole;28;32,4;0,16;69,8;62,3;3;434;alta;0
AST-01132;trasformatore;Centro;22;31,8;2,22;40,2;60,2;5;280;standard;0
AST-01133;turbina_eolica;Nord;19;45,1;0,23;81,2;62,5;4;204;alta;0
AST-01134;trasformatore;Sud;21;41,5;0,82;75,6;82,5;2;411;critica;0
AST-01135;linea_AT;Isole;27;38,3;1,52;89,1;66,3;0;416;standard;1
AST-01136;linea_AT;Nord;12;48,0;1,17;45,5;79,5;4;204;standard;0
AST-01137;trasformatore;Centro;20;40,2;2,01;54,9;58,7;4;151;standard;0
AST-01138;linea_AT;Centro;19;33,8;1,03;75,1;77,3;1;355;standard;0
AST-01139;trasformatore;Nord;12;39,6;1,39;51,0;65,3;5;61;critica;0
AST-01140;trasformatore;Sud;15;49,4;0,7;25,6;74,4;2;365;standard;0
AST-01141;cabina_primaria;Nord;15;32,8;2,51;71,6;75,5;6;53;alta;0
AST-01142;turbina_eolica;Sud;22;43,9;1,79;84,1;48,8;2;332;standard;1
AST-01143;cabina_primaria;Sud;12;41,5;2,2;65,7;63,0;2;294;standard;0
AST-01144;trasformatore;Sud;26;35,2;1,61;77,9;75,4;3;351;standard;0
AST-01145;trasformatore;Centro;23;39,4;2,82;75,3;77,6;7;237;alta;0
AST-01146;turbina_eolica;Nord;29;27,9;1,04;68,2;79,5;2;83;standard;0
AST-01147;turbina_eolica;Sud;21;43,0;1,72;70,4;63,5;2;338;standard;0
AST-01148;cabina_primaria;Sud;20;29,7;8,67;92,3;83,6;0;451;critica;1
AST-01149;trasformatore;Centro;10;51,7;0,6;50,6;52,8;5;105;standard;0
AST-01150;cabina_primaria;Isole;26;41,2;3,43;81,9;41,1;1;312;alta;0
AST-01151;cabina_primaria;Nord;15;36,9;6,31;46,7;58,1;2;229;standard;1
AST-01152;linea_AT;Sud;18;52,4;2,35;53,7;78,7;2;346;alta;1
AST-01153;trasformatore;Nord;13;32,7;0,1;89,5;46,8;3;172;standard;0
AST-01154;turbina_eolica;Nord;2;35,3;0,62;46,2;41,4;6;242;standard;0
AST-01155;trasformatore;Centro;23;25,5;2,03;63,7;37,9;4;146;standard;0
AST-01156;linea_AT;Nord;9;53,8;1,62;100,0;72,3;5;118;standard;1
AST-01157;turbina_eolica;Nord;14;58,9;4,44;86,5;41,7;2;109;alta;1
AST-01158;cabina_primaria;Nord;5;26,9;4,54;54,7;69,7;2;132;standard;0
AST-01159;linea_AT;Centro;14;34,7;1,53;57,8;57,4;2;317;standard;0
AST-01160;turbina_eolica;Sud;21;42,6;1,62;64,9;51,2;1;204;standard;0
AST-01161;linea_AT;Nord;14;37,4;1,09;91,6;48,0;9;64;critica;0
AST-01162;turbina_eolica;Sud;26;41,7;2,28;50,0;64,9;1;231;standard;0
AST-01163;cabina_primaria;Sud;32;40,9;0,78;48,9;51,4;1;452;alta;0
AST-01164;trasformatore;Nord;18;45,7;1,49;80,8;61,9;4;111;critica;0
AST-01165;cabina_primaria;Nord;20;33,4;0,83;37,7;67,6;7;134;standard;0
AST-01166;cabina_primaria;Sud;32;43,7;1,93;51,6;70,6;1;211;critica;0
AST-01167;cabina_primaria;Sud;26;32,0;3,28;66,5;75,1;5;319;standard;1
AST-01168;turbina_eolica;Centro;17;38,3;0,48;67,4;64,3;4;279;alta;0
AST-01169;cabina_primaria;Sud;29;26,4;1,41;43,4;47,3;3;360;alta;0
AST-01170;trasformatore;Nord;20;38,4;3,98;74,4;68,5;8;151;standard;0
AST-01171;linea_AT;Centro;21;36,8;4,77;78,0;71,2;2;85;standard;1
AST-01172;trasformatore;Sud;14;50,5;1,1;56,1;59,5;0;314;standard;0
AST-01173;trasformatore;Nord;9;41,5;0,86;97,9;58,0;2;172;standard;0
AST-01174;turbina_eolica;Sud;21;43,1;0,06;74,1;96,7;2;261;standard;0
AST-01175;trasformatore;Centro;22;41,8;3,52;49,9;43,9;4;262;alta;1
AST-01176;turbina_eolica;Sud;23;22,8;3,37;97,2;68,9;1;411;standard;0
AST-01177;cabina_primaria;Centro;24;24,0;1,78;58,6;76,6;1;168;standard;0
AST-01178;trasformatore;Nord;22;39,1;6,76;71,2;57,2;3;218;standard;1
AST-01179;linea_AT;Nord;21;44,5;1,62;59,2;59,6;6;151;standard;0
AST-01180;trasformatore;Nord;21;39,9;3,6;79,2;56,4;6;252;standard;0
AST-01181;linea_AT;Sud;17;34,2;1,15;59,3;62,0;4;503;standard;0
AST-01182;linea_AT;Nord;17;39,8;1,37;60,4;74,6;4;73;standard;0
AST-01183;turbina_eolica;Nord;10;39,1;2,02;65,1;59,2;2;222;standard;0
AST-01184;linea_AT;Nord;4;49,0;0,84;59,0;100,0;5;264;critica;0
AST-01185;cabina_primaria;Nord;12;48,5;2,96;87,3;55,7;6;82;alta;0
AST-01186;cabina_primaria;Sud;31;37,0;1,83;45,4;81,3;3;294;standard;0
AST-01187;turbina_eolica;Centro;20;41,6;0,3;67,3;69,6;4;163;standard;0
AST-01188;turbina_eolica;Isole;37;44,5;3,65;69,6;63,5;1;369;standard;1
AST-01189;linea_AT;Nord;15;45,8;0,78;65,8;82,6;3;131;standard;0
AST-01190;trasformatore;Sud;38;56,9;0,85;85,4;39,6;2;324;alta;0
AST-01191;cabina_primaria;Centro;18;41,7;1,36;40,9;68,0;2;277;standard;0
AST-01192;trasformatore;Centro;17;52,5;2,32;78,2;52,0;2;58;standard;1
AST-01193;cabina_primaria;Sud;15;31,6;2,12;45,6;55,9;4;262;alta;0
AST-01194;trasformatore;Isole;32;36,3;4,47;58,8;55,2;3;434;alta;1
AST-01195;trasformatore;Sud;20;22,8;2,04;43,7;48,5;2;384;standard;0
AST-01196;cabina_primaria;Nord;10;43,4;0,44;62,0;38,9;5;75;standard;0
AST-01197;cabina_primaria;Nord;22;47,8;0,69;57,6;67,4;4;205;standard;1
AST-01198;cabina_primaria;Sud;30;19,0;0,4;97,5;61,1;1;446;alta;0
AST-01199;cabina_primaria;Nord;21;43,7;0,39;72,3;57,8;6;156;standard;0
AST-01200;turbina_eolica;Sud;21;47,4;1,24;75,9;72,6;2;259;standard;0
AST-01201;trasformatore;Centro;17;46,9;3,48;48,1;68,3;0;280;standard;0
AST-01202;trasformatore;Centro;17;31,2;1,82;81,3;58,3;2;348;standard;1
AST-01203;turbina_eolica;Sud;28;49,0;2,38;97,5;100,0;4;269;standard;1
AST-01204;trasformatore;Sud;32;42,1;2,93;83,7;76,3;3;343;alta;0
AST-01205;cabina_primaria;Nord;16;47,3;3,65;44,4;96,2;5;247;standard;0
AST-01206;trasformatore;Nord;26;40,9;0,92;59,6;56,2;2;169;critica;0
AST-01207;trasformatore;Centro;22;45,4;3,32;70,0;65,5;3;70;standard;0
AST-01208;trasformatore;Centro;16;52,0;3,03;57,6;44,7;8;245;critica;0
AST-01209;trasformatore;Nord;19;40,2;1,2;100,0;57,4;9;82;standard;0
AST-01210;trasformatore;Centro;27;44,6;0,87;59,3;53,8;3;108;standard;0
AST-01211;linea_AT;Sud;35;53,2;1,47;67,2;100,0;1;202;standard;0
AST-01212;trasformatore;Sud;30;40,8;4,38;57,2;52,3;1;435;standard;1
AST-01213;linea_AT;Centro;17;31,9;3,61;72,2;58,7;6;143;standard;0
AST-01214;cabina_primaria;Centro;16;48,1;1,19;92,9;41,6;4;237;alta;0
AST-01215;linea_AT;Nord;17;54,9;3,39;70,1;69,5;5;206;standard;0
AST-01216;linea_AT;Centro;27;53,6;2,66;64,1;49,4;4;223;standard;1
AST-01217;turbina_eolica;Nord;17;48,4;2,33;48,7;74,9;7;184;standard;0
AST-01218;trasformatore;Centro;20;20,9;4,15;89,8;37,0;4;240;alta;0
AST-01219;trasformatore;Sud;23;36,3;2,1;65,4;60,3;1;351;standard;0
AST-01220;cabina_primaria;Nord;12;36,7;1,74;64,6;36,2;4;99;standard;0
AST-01221;linea_AT;Nord;13;42,4;0,25;25,9;55,1;3;92;standard;0
AST-01222;trasformatore;Nord;15;57,2;2,91;65,7;58,0;2;152;alta;0
AST-01223;turbina_eolica;Isole;35;32,3;0,81;60,8;53,6;4;370;alta;0
AST-01224;cabina_primaria;Centro;16;62,2;0,71;35,1;55,0;3;244;standard;0
AST-01225;linea_AT;Nord;14;38,6;1,78;85,8;75,6;4;248;standard;0
AST-01226;linea_AT;Isole;20;35,1;0,69;58,4;92,4;0;408;standard;1
AST-01227;cabina_primaria;Centro;21;49,6;2,22;100,0;66,8;6;145;standard;0
AST-01228;linea_AT;Centro;25;50,3;1,96;93,5;50,0;3;36;alta;0
AST-01229;linea_AT;Isole;35;47,8;1,84;55,0;62,9;2;318;alta;0
AST-01230;trasformatore;Nord;15;35,1;1,47;92,6;57,0;3;52;standard;0
AST-01231;trasformatore;Nord;17;46,5;2,85;97,0;74,5;1;102;alta;1
AST-01232;cabina_primaria;Centro;16;32,7;2,23;57,9;66,0;3;229;standard;0
AST-01233;linea_AT;Nord;17;34,8;2,2;49,4;39,9;3;167;alta;0
AST-01234;turbina_eolica;Sud;25;41,1;0,88;29,2;77,4;1;489;alta;1
AST-01235;linea_AT;Nord;14;34,6;1,58;74,8;75,5;4;199;alta;0
AST-01236;trasformatore;Nord;15;51,5;0,87;50,5;82,9;1;313;standard;0
AST-01237;cabina_primaria;Nord;17;36,8;1,56;75,4;54,8;3;217;standard;0
AST-01238;trasformatore;Centro;15;40,0;0,98;57,8;66,2;4;297;standard;0
AST-01239;cabina_primaria;Nord;13;34,1;1,53;54,0;45,4;5;131;standard;0
AST-01240;turbina_eolica;Nord;24;51,3;1,58;57,9;61,3;5;74;standard;0
AST-01241;trasformatore;Sud;39;36,0;1,53;44,6;67,6;2;304;alta;0
AST-01242;trasformatore;Nord;7;52,3;2,9;57,9;53,1;4;159;standard;0
AST-01243;cabina_primaria;Nord;6;51,6;2,43;54,7;66,8;3;110;standard;0
AST-01244;trasformatore;Nord;8;38,0;0,55;67,7;64,4;5;80;alta;0
AST-01245;trasformatore;Nord;13;42,3;1,41;69,9;55,7;7;193;standard;0
AST-01246;linea_AT;Nord;19;37,7;1,83;48,7;81,6;5;80;standard;0
AST-01247;turbina_eolica;Centro;21;46,9;0,95;87,8;58,7;4;87;standard;0
AST-01248;turbina_eolica;Nord;15;40,2;1,96;65,1;63,9;2;70;alta;0
AST-01249;trasformatore;Isole;28;38,2;1,04;95,0;41,5;4;361;standard;0
AST-01250;cabina_primaria;Isole;21;42,4;1,65;72,3;69,3;4;301;standard;0
AST-01251;trasformatore;Nord;13;27,8;0,8;69,2;55,3;5;142;standard;0
AST-01252;trasformatore;Nord;14;41,3;1,52;59,2;75,4;7;208;standard;0
AST-01253;trasformatore;Nord;4;47,8;2,48;79,1;43,6;5;206;critica;0
AST-01254;trasformatore;Centro;10;43,2;2,71;68,6;68,0;8;157;alta;0
AST-01255;trasformatore;Nord;7;50,6;1,67;83,5;31,5;6;56;standard;0
AST-01256;trasformatore;Sud;28;38,6;5,6;96,9;70,6;1;294;standard;0
AST-01257;trasformatore;Sud;24;37,9;2,1;54,9;59,6;3;392;standard;0
AST-01258;turbina_eolica;Sud;27;31,9;2,76;79,0;67,6;2;411;alta;0
AST-01259;cabina_primaria;Centro;6;38,3;3,74;78,5;53,6;3;238;standard;0
AST-01260;trasformatore;Isole;16;59,7;0,96;76,2;48,7;1;476;standard;1
AST-01261;trasformatore;Nord;18;44,5;2,46;60,2;55,9;2;298;standard;0
AST-01262;cabina_primaria;Centro;1;36,7;1,95;60,6;64,7;3;171;standard;0
AST-01263;cabina_primaria;Nord;21;32,9;2,52;57,5;70,1;7;279;critica;0
AST-01264;linea_AT;Isole;14;27,6;3,17;57,1;66,3;1;359;standard;0
AST-01265;trasformatore;Centro;22;34,5;0,84;52,9;48,9;5;292;critica;0
AST-01266;turbina_eolica;Sud;18;48,8;5,45;66,1;87,7;2;397;standard;1
AST-01267;trasformatore;Nord;20;38,2;1,73;54,4;66,7;2;15;standard;0
AST-01268;trasformatore;Isole;44;33,4;1,31;75,8;53,3;3;303;alta;1
AST-01269;turbina_eolica;Centro;3;34,4;0,17;69,0;67,9;1;112;standard;0
AST-01270;linea_AT;Centro;21;47,8;3,58;71,0;65,6;3;67;alta;0
AST-01271;turbina_eolica;Isole;14;41,3;3,03;63,1;59,5;2;450;standard;0
AST-01272;linea_AT;Centro;20;36,4;1,45;69,2;57,9;7;376;standard;0
AST-01273;trasformatore;Centro;16;39,2;0,32;63,5;75,8;6;189;standard;0
AST-01274;trasformatore;Centro;18;61,9;1,78;82,0;86,2;2;278;critica;1
AST-01275;linea_AT;Nord;9;53,0;0,5;60,0;33,5;4;279;alta;0
AST-01276;cabina_primaria;Nord;19;55,2;3,35;74,8;79,2;4;177;standard;1
AST-01277;trasformatore;Nord;5;26,2;1,41;44,5;62,3;2;158;alta;0
AST-01278;linea_AT;Nord;21;40,6;0,78;80,8;65,3;2;140;standard;0
AST-01279;trasformatore;Sud;21;36,2;2,0;57,9;80,9;5;383;alta;0
AST-01280;trasformatore;Centro;9;46,9;2,2;51,6;24,8;6;280;standard;0
AST-01281;linea_AT;Nord;24;51,5;2,38;47,5;73,4;4;197;alta;0
AST-01282;trasformatore;Centro;17;44,9;0,82;46,1;80,0;3;244;alta;0
AST-01283;turbina_eolica;Centro;28;34,1;3,15;59,3;52,4;3;206;standard;0
AST-01284;turbina_eolica;Centro;24;36,1;1,44;95,0;42,5;4;83;alta;0
AST-01285;trasformatore;Isole;20;47,6;0,23;56,4;85,0;1;452;alta;0
AST-01286;trasformatore;Isole;24;48,5;1,56;28,2;37,4;3;277;standard;0
AST-01287;trasformatore;Centro;18;43,3;1,55;74,6;67,9;3;260;alta;0
AST-01288;cabina_primaria;Nord;23;43,2;1,53;47,9;76,3;3;220;standard;0
AST-01289;linea_AT;Centro;20;42,5;2,03;82,7;67,6;2;119;alta;1
AST-01290;turbina_eolica;Centro;18;44,4;4,72;60,4;69,9;1;161;alta;1
AST-01291;trasformatore;Centro;16;48,4;1,6;63,1;58,3;1;380;standard;1
AST-01292;linea_AT;Sud;23;47,7;1,74;89,6;68,5;2;334;standard;0
AST-01293;trasformatore;Centro;25;42,2;1,1;79,1;52,1;6;112;standard;0
AST-01294;turbina_eolica;Nord;14;41,6;1,59;45,6;53,9;4;224;alta;0
AST-01295;linea_AT;Nord;12;41,2;2,42;48,2;62,5;0;98;alta;0
AST-01296;turbina_eolica;Nord;11;35,0;2,46;35,9;40,4;3;15;alta;0
AST-01297;trasformatore;Nord;11;34,9;3,93;100,0;70,1;5;202;alta;0
AST-01298;trasformatore;Nord;6;46,9;0,3;52,5;27,3;8;87;standard;0
AST-01299;trasformatore;Sud;18;35,6;2,93;89,1;67,1;1;366;standard;1
AST-01300;turbina_eolica;Centro;26;49,3;2,65;58,4;68,4;5;145;critica;1
AST-01301;cabina_primaria;Nord;13;41,5;0,44;48,6;50,9;2;217;standard;0
AST-01302;trasformatore;Centro;21;49,4;3,88;68,4;44,7;5;225;standard;0
AST-01303;linea_AT;Sud;8;47,7;0,53;62,1;56,3;2;133;standard;0
AST-01304;linea_AT;Nord;17;49,6;2,46;82,4;71,0;2;191;standard;0
AST-01305;trasformatore;Sud;22;37,7;0,24;82,7;66,8;4;317;standard;0
AST-01306;trasformatore;Isole;22;45,7;0,77;57,4;46,4;2;493;standard;0
AST-01307;trasformatore;Centro;18;48,6;2,51;42,1;63,5;4;242;standard;0
AST-01308;linea_AT;Sud;20;28,0;2,58;46,5;65,7;3;400;standard;0
AST-01309;turbina_eolica;Nord;1;57,3;1,49;26,9;65,1;3;103;standard;0
AST-01310;linea_AT;Isole;31;62,4;4,11;63,1;48,2;0;317;standard;1
AST-01311;cabina_primaria;Centro;18;50,5;2,47;67,8;64,2;5;208;alta;1
AST-01312;linea_AT;Isole;23;49,3;3,21;47,4;74,8;2;351;standard;0
AST-01313;cabina_primaria;Centro;11;47,3;1,54;45,3;69,5;2;317;alta;0
AST-01314;linea_AT;Nord;5;39,1;0,68;67,7;67,8;2;148;standard;0
AST-01315;cabina_primaria;Nord;15;41,0;0,67;56,6;85,0;5;62;standard;0
AST-01316;cabina_primaria;Sud;33;50,7;1,29;64,2;64,3;1;274;alta;1
AST-01317;linea_AT;Centro;18;33,2;0,8;61,4;50,2;6;287;standard;0
AST-01318;cabina_primaria;Nord;6;32,5;0,76;72,5;50,3;5;147;standard;0
AST-01319;cabina_primaria;Sud;24;38,4;0,37;57,8;64,5;2;322;standard;0
AST-01320;turbina_eolica;Sud;23;47,9;1,36;59,2;41,9;3;425;alta;0
AST-01321;linea_AT;Centro;22;34,2;0,36;34,1;57,6;7;137;alta;0
AST-01322;turbina_eolica;Centro;21;40,0;1,34;67,1;68,5;0;31;standard;0
AST-01323;cabina_primaria;Nord;1;41,0;0,27;69,6;78,4;4;92;alta;0
AST-01324;turbina_eolica;Sud;26;32,9;1,24;64,8;40,4;3;359;standard;0
AST-01325;cabina_primaria;Nord;8;20,0;2,42;100,0;63,4;4;140;alta;0
AST-01326;linea_AT;Sud;14;32,8;0,78;70,9;61,0;1;215;critica;0
AST-01327;cabina_primaria;Nord;13;44,3;2,04;65,2;62,5;2;241;standard;0
AST-01328;trasformatore;Centro;19;46,4;1,95;77,0;64,0;6;223;standard;0
AST-01329;linea_AT;Nord;4;46,4;0,97;100,0;61,6;5;191;alta;0
AST-01330;linea_AT;Nord;18;47,5;0,34;72,5;81,5;6;194;standard;0
AST-01331;cabina_primaria;Sud;28;36,4;2,94;28,0;79,4;2;236;alta;0
AST-01332;cabina_primaria;Centro;17;34,4;0,97;75,8;92,0;4;234;standard;0
AST-01333;linea_AT;Centro;12;45,4;4,47;52,2;61,9;5;283;critica;0
AST-01334;linea_AT;Isole;19;40,1;2,84;33,4;56,3;3;471;standard;1
AST-01335;trasformatore;Isole;31;50,2;2,53;98,6;48,5;1;438;alta;1
AST-01336;cabina_primaria;Sud;14;45,4;0,52;94,7;54,7;1;381;standard;0
AST-01337;trasformatore;Nord;20;53,6;2,54;51,7;72,0;3;21;alta;0
AST-01338;linea_AT;Centro;16;37,8;3,45;51,8;74,2;2;209;critica;0
AST-01339;linea_AT;Sud;22;51,6;1,75;70,9;71,5;1;263;alta;1
AST-01340;turbina_eolica;Nord;4;60,3;2,07;52,1;52,7;2;263;alta;0
AST-01341;trasformatore;Nord;13;42,5;2,43;65,6;52,8;4;250;standard;0
AST-01342;trasformatore;Sud;27;46,5;3,71;55,2;89,4;2;264;standard;0
AST-01343;cabina_primaria;Centro;9;33,6;2,2;60,8;50,4;3;206;standard;0
AST-01344;turbina_eolica;Centro;20;50,0;2,37;42,7;81,8;5;230;standard;0
AST-01345;trasformatore;Isole;26;52,2;1,99;82,9;67,7;3;452;standard;1
AST-01346;linea_AT;Centro;13;37,5;4,55;89,7;51,7;5;76;alta;0
AST-01347;trasformatore;Centro;22;47,3;1,78;66,2;45,4;4;33;alta;0
AST-01348;cabina_primaria;Nord;1;44,5;2,36;67,3;52,4;5;163;standard;0
AST-01349;trasformatore;Centro;19;45,5;3,86;79,3;67,8;2;15;standard;0
AST-01350;trasformatore;Nord;24;49,3;1,18;68,0;49,3;2;173;standard;0
AST-01351;trasformatore;Sud;32;46,7;5,1;99,1;83,8;1;387;alta;0
AST-01352;turbina_eolica;Sud;25;40,7;1,09;44,3;59,1;0;439;alta;1
AST-01353;turbina_eolica;Nord;12;49,5;0,79;83,5;71,8;2;110;standard;0
AST-01354;linea_AT;Nord;10;52,0;2,41;65,9;70,7;0;173;standard;0
AST-01355;turbina_eolica;Sud;21;37,0;1,05;47,8;84,7;3;392;alta;0
AST-01356;trasformatore;Nord;17;42,0;4,42;100,0;55,9;8;66;standard;0
AST-01357;trasformatore;Centro;12;26,1;6,14;100,0;63,5;2;283;alta;1
AST-01358;trasformatore;Centro;22;47,3;0,81;64,3;42,4;3;232;standard;0
AST-01359;cabina_primaria;Sud;36;53,0;0,75;76,0;63,4;1;292;critica;0
AST-01360;trasformatore;Nord;14;39,7;0,72;59,5;78,0;7;171;alta;0
AST-01361;cabina_primaria;Sud;15;43,2;0,23;62,4;65,1;0;329;standard;0
AST-01362;trasformatore;Nord;6;40,0;1,03;47,6;94,4;5;222;standard;0
AST-01363;trasformatore;Centro;22;38,5;3,35;45,0;69,3;2;181;standard;0
AST-01364;trasformatore;Nord;14;44,1;2,49;100,0;54,4;7;178;standard;0
AST-01365;trasformatore;Centro;22;34,9;1,44;67,3;68,4;4;160;standard;0
AST-01366;linea_AT;Centro;14;39,9;2,3;68,9;41,5;6;135;standard;0
AST-01367;turbina_eolica;Nord;19;33,9;0,56;53,4;50,8;2;174;alta;0
AST-01368;trasformatore;Nord;13;47,3;1,78;71,4;45,0;2;88;standard;0
AST-01369;linea_AT;Nord;10;44,2;2,02;40,9;62,2;4;224;standard;0
AST-01370;linea_AT;Nord;12;38,1;1,93;54,1;61,2;4;207;alta;0
AST-01371;cabina_primaria;Nord;7;42,3;1,0;46,4;78,9;1;99;standard;0
AST-01372;cabina_primaria;Isole;37;40,0;0,97;91,3;60,6;0;397;standard;1
AST-01373;linea_AT;Centro;16;52,3;2,65;38,3;48,0;4;148;alta;0
AST-01374;cabina_primaria;Sud;27;38,0;2,54;46,8;83,8;1;212;alta;0
AST-01375;linea_AT;Isole;22;47,7;0,25;31,1;20,8;4;332;standard;0
AST-01376;turbina_eolica;Nord;8;35,7;0,24;52,0;62,5;5;156;critica;0
AST-01377;linea_AT;Sud;22;49,3;5,84;59,7;65,0;2;382;standard;0
AST-01378;trasformatore;Sud;30;51,3;2,06;85,6;61,9;1;352;standard;0
AST-01379;linea_AT;Centro;14;51,8;1,94;64,0;69,0;4;283;standard;0
AST-01380;cabina_primaria;Centro;12;55,2;0,84;60,6;63,5;3;132;standard;0
AST-01381;trasformatore;Centro;18;44,6;1,31;73,4;69,0;3;180;standard;0
AST-01382;cabina_primaria;Nord;17;53,1;1,07;60,0;53,6;9;292;standard;0
AST-01383;cabina_primaria;Centro;27;56,6;3,37;100,0;41,6;0;56;alta;1
AST-01384;trasformatore;Isole;27;31,9;3,27;57,4;61,4;2;344;standard;0
AST-01385;turbina_eolica;Isole;29;36,6;2,09;75,4;47,6;2;294;alta;0
AST-01386;cabina_primaria;Nord;18;28,5;1,87;82,9;51,8;4;144;standard;0
AST-01387;cabina_primaria;Sud;16;51,6;2,35;56,8;78,3;2;305;alta;0
AST-01388;trasformatore;Nord;8;28,4;1,85;71,0;83,8;3;208;standard;0
AST-01389;trasformatore;Isole;18;26,0;2,66;59,0;78,0;3;400;standard;0
AST-01390;linea_AT;Nord;6;32,1;4,09;72,9;75,4;3;56;alta;0
AST-01391;trasformatore;Isole;30;26,4;1,6;69,8;62,8;0;333;standard;1
AST-01392;trasformatore;Sud;25;44,4;0,85;65,5;76,2;0;340;alta;0
AST-01393;trasformatore;Nord;14;32,2;1,88;47,2;67,0;4;219;alta;0
AST-01394;trasformatore;Nord;1;26,8;1,1;100,0;89,3;4;355;alta;0
AST-01395;linea_AT;Sud;35;41,6;0,44;78,6;49,1;2;396;standard;0
AST-01396;linea_AT;Nord;9;42,2;0,67;39,4;71,4;4;79;alta;0
AST-01397;linea_AT;Centro;29;25,2;3,73;60,4;44,3;6;202;standard;0
AST-01398;linea_AT;Isole;16;35,6;1,81;39,8;71,5;1;394;critica;0
AST-01399;turbina_eolica;Centro;12;41,3;1,3;81,7;37,9;7;168;standard;0
AST-01400;trasformatore;Centro;4;38,8;2,01;67,6;45,0;4;248;standard;0
AST-01401;trasformatore;Centro;19;39,0;1,17;68,1;44,0;6;28;critica;0
AST-01402;trasformatore;Nord;7;52,6;3,8;52,8;65,5;3;204;standard;0
AST-01403;trasformatore;Isole;19;61,3;5,8;62,3;67,0;0;342;alta;1
AST-01404;trasformatore;Nord;6;39,2;1,22;82,2;96,3;3;151;standard;0
AST-01405;trasformatore;Nord;19;30,1;1,54;87,0;60,7;6;277;alta;0
AST-01406;trasformatore;Nord;18;39,9;2,2;83,2;72,8;3;59;standard;1
AST-01407;linea_AT;Isole;36;43,7;0,61;40,1;64,3;2;402;standard;0
AST-01408;linea_AT;Nord;10;41,5;0,28;64,6;71,6;3;224;standard;0
AST-01409;cabina_primaria;Sud;24;47,5;3,53;72,6;64,0;1;354;standard;0
AST-01410;linea_AT;Sud;15;61,9;1,28;54,8;77,4;3;211;alta;0
AST-01411;linea_AT;Sud;21;26,6;1,19;38,1;47,3;4;448;alta;0
AST-01412;trasformatore;Isole;22;37,4;2,3;44,8;27,7;4;363;alta;0
AST-01413;linea_AT;Sud;26;55,9;0,85;95,0;67,8;2;298;alta;0
AST-01414;trasformatore;Isole;31;37,3;1,17;46,6;36,7;3;355;alta;0
AST-01415;turbina_eolica;Nord;20;49,1;0,62;68,9;80,4;8;129;standard;0
AST-01416;turbina_eolica;Sud;18;47,7;0,34;65,2;54,3;1;245;standard;0
AST-01417;turbina_eolica;Centro;23;53,1;1,16;65,2;47,5;7;223;alta;0
AST-01418;trasformatore;Centro;17;59,2;0,84;62,2;99,8;3;162;alta;0
AST-01419;linea_AT;Isole;23;45,0;0,76;82,2;61,7;2;434;standard;0
AST-01420;cabina_primaria;Isole;21;26,3;1,73;68,6;59,1;0;421;standard;0
AST-01421;linea_AT;Sud;20;35,7;2,85;56,7;72,5;2;470;standard;0
AST-01422;linea_AT;Centro;27;61,7;2,89;68,9;73,4;3;193;alta;0
AST-01423;turbina_eolica;Centro;19;29,3;2,81;45,0;77,9;1;146;standard;0
AST-01424;trasformatore;Centro;18;46,5;0,95;76,6;43,3;6;92;alta;0
AST-01425;linea_AT;Nord;12;19,4;1,61;55,7;69,5;4;335;alta;0
AST-01426;turbina_eolica;Centro;32;29,8;1,12;56,8;57,9;2;263;critica;0
AST-01427;trasformatore;Nord;22;50,0;0,96;77,2;49,1;3;105;standard;0
AST-01428;trasformatore;Nord;10;42,3;1,01;60,7;62,7;1;295;alta;0
AST-01429;cabina_primaria;Sud;21;38,6;0,7;61,7;36,6;0;448;alta;0
AST-01430;linea_AT;Centro;16;34,7;2,02;89,0;74,9;7;102;standard;0
AST-01431;turbina_eolica;Isole;26;24,0;3,41;50,5;57,9;4;320;standard;0
AST-01432;linea_AT;Centro;13;48,2;1,1;77,0;55,3;2;199;standard;0
AST-01433;turbina_eolica;Nord;17;39,5;1,01;85,1;60,1;1;74;standard;0
AST-01434;turbina_eolica;Nord;23;28,3;0,27;89,0;59,7;4;152;standard;0
AST-01435;trasformatore;Nord;6;42,3;2,52;100,0;78,0;3;217;standard;0
AST-01436;turbina_eolica;Isole;18;47,2;0,21;56,4;46,7;1;270;alta;0
AST-01437;linea_AT;Nord;11;40,2;1,79;52,4;56,6;8;183;standard;0
AST-01438;trasformatore;Centro;14;43,0;0,89;82,7;59,0;1;303;standard;0
AST-01439;linea_AT;Isole;37;42,3;1,39;84,9;47,1;2;412;standard;1
AST-01440;trasformatore;Isole;31;35,6;1,86;53,8;64,2;6;374;alta;0
AST-01441;linea_AT;Nord;20;42,5;1,79;76,7;51,9;2;107;critica;0
AST-01442;linea_AT;Nord;12;48,6;3,14;100,0;42,3;3;226;alta;0
AST-01443;linea_AT;Nord;12;51,3;0,22;69,9;69,4;3;66;alta;0
AST-01444;linea_AT;Nord;5;49,1;2,9;84,6;83,7;3;179;standard;0
AST-01445;cabina_primaria;Nord;19;35,9;1,92;96,4;62,7;4;162;standard;0
AST-01446;turbina_eolica;Centro;20;47,7;3,35;100,0;60,6;3;300;standard;1
AST-01447;linea_AT;Isole;33;46,2;1,7;72,4;60,3;1;333;critica;0
AST-01448;linea_AT;Centro;16;35,6;0,48;90,6;54,8;5;170;standard;0
AST-01449;trasformatore;Centro;16;37,8;1,53;53,8;78,4;6;111;standard;0
AST-01450;trasformatore;Nord;15;48,1;2,47;68,4;63,3;5;195;standard;0
AST-01451;turbina_eolica;Sud;28;54,4;2,77;60,0;31,5;0;306;alta;0
AST-01452;trasformatore;Centro;8;25,7;1,57;34,1;78,8;3;141;standard;0
AST-01453;turbina_eolica;Sud;27;56,8;1,44;39,1;75,4;1;279;alta;0
AST-01454;turbina_eolica;Isole;25;52,5;1,9;75,7;70,4;1;423;critica;1
AST-01455;linea_AT;Nord;8;43,8;3,08;76,1;23,4;3;72;standard;0
AST-01456;trasformatore;Nord;1;39,8;1,18;49,3;62,0;4;79;alta;0
AST-01457;cabina_primaria;Nord;13;45,5;2,21;96,0;74,5;3;232;standard;0
AST-01458;turbina_eolica;Centro;26;36,2;4,82;48,0;67,3;4;197;standard;0
AST-01459;linea_AT;Isole;35;40,4;6,84;72,6;64,9;1;456;standard;1
AST-01460;trasformatore;Nord;16;28,7;3,06;60,5;74,5;4;131;standard;0
AST-01461;turbina_eolica;Sud;35;26,3;1,41;69,9;64,0;1;340;standard;0
AST-01462;trasformatore;Centro;17;63,0;0,61;84,2;78,9;6;223;alta;0
AST-01463;linea_AT;Nord;20;42,6;2,13;81,6;64,3;3;271;alta;0
AST-01464;trasformatore;Nord;11;43,8;4,15;80,7;63,2;4;264;standard;0
AST-01465;cabina_primaria;Sud;20;41,7;1,58;78,4;74,5;4;432;standard;0
AST-01466;trasformatore;Sud;19;34,6;3,3;45,1;56,4;1;290;standard;0
AST-01467;linea_AT;Centro;5;39,2;3,13;88,4;46,6;3;131;standard;0
AST-01468;trasformatore;Nord;22;42,8;1,7;48,9;62,1;3;221;critica;0
AST-01469;linea_AT;Sud;19;40,2;2,95;66,1;70,3;1;450;standard;1
AST-01470;turbina_eolica;Nord;9;35,2;0,67;61,7;75,0;5;253;alta;0
AST-01471;turbina_eolica;Isole;18;46,3;1,46;74,3;75,0;2;381;critica;0
AST-01472;trasformatore;Nord;13;43,7;2,3;59,3;61,0;3;218;standard;0
AST-01473;trasformatore;Nord;25;45,5;1,67;65,1;59,6;4;220;standard;0
AST-01474;trasformatore;Centro;30;48,3;0,73;97,1;53,7;4;222;alta;0
AST-01475;cabina_primaria;Centro;7;40,5;2,95;44,7;65,5;1;225;standard;0
AST-01476;turbina_eolica;Centro;15;40,5;2,28;68,0;39,0;7;218;standard;0
AST-01477;trasformatore;Centro;11;55,3;1,91;47,9;62,3;3;147;alta;0
AST-01478;cabina_primaria;Isole;31;33,5;3,75;80,1;100,0;3;325;critica;1
AST-01479;trasformatore;Centro;19;25,1;2,99;54,9;40,9;3;154;alta;0
AST-01480;turbina_eolica;Centro;13;47,0;0,15;68,7;64,2;7;82;alta;0
AST-01481;linea_AT;Centro;17;36,3;1,93;44,2;67,3;2;221;alta;0
AST-01482;cabina_primaria;Nord;11;32,3;1,89;91,2;69,1;4;157;standard;0
AST-01483;linea_AT;Centro;27;50,0;1,31;69,3;48,5;2;271;standard;0
AST-01484;turbina_eolica;Nord;17;40,7;0,23;70,5;69,2;8;261;critica;0
AST-01485;cabina_primaria;Centro;21;30,6;0,92;82,9;54,5;6;316;standard;0
AST-01486;trasformatore;Nord;1;59,4;0,17;45,5;42,0;2;273;alta;0
AST-01487;cabina_primaria;Isole;25;27,5;5,87;56,9;75,3;2;319;standard;1
AST-01488;cabina_primaria;Centro;29;41,2;1,68;71,1;71,3;5;95;alta;0
AST-01489;cabina_primaria;Isole;33;25,0;2,38;36,3;48,5;1;454;alta;0
AST-01490;trasformatore;Centro;6;44,4;0,72;38,2;54,4;2;321;alta;0
AST-01491;trasformatore;Nord;12;36,2;0,26;53,2;53,9;1;284;standard;0
AST-01492;linea_AT;Sud;16;49,4;1,24;47,5;39,0;2;379;standard;0
AST-01493;turbina_eolica;Centro;27;41,8;1,11;61,8;72,7;5;50;standard;1
AST-01494;turbina_eolica;Sud;24;54,2;2,01;77,4;73,2;0;369;standard;0
AST-01495;cabina_primaria;Centro;12;38,1;1,29;81,5;57,3;1;254;standard;0
AST-01496;linea_AT;Centro;17;27,6;6,69;100,0;61,6;5;310;critica;1
AST-01497;trasformatore;Sud;7;44,1;3,39;67,6;63,6;3;454;critica;0
AST-01498;turbina_eolica;Centro;10;39,7;4,37;70,8;65,4;4;283;standard;0
AST-01499;trasformatore;Nord;14;25,6;1,68;67,6;43,1;2;113;alta;0
AST-01500;trasformatore;Sud;28;32,5;1,98;73,8;68,8;2;258;standard;0
AST-01501;trasformatore;Sud;11;35,4;4,12;75,2;45,5;1;383;standard;1
AST-01502;cabina_primaria;Isole;23;56,0;1,21;84,6;71,5;1;317;alta;0
AST-01503;linea_AT;Nord;20;48,4;2,3;84,5;47,1;4;278;alta;1
AST-01504;turbina_eolica;Centro;8;38,9;1,29;77,3;43,8;3;74;alta;0
AST-01505;turbina_eolica;Sud;24;46,2;2,39;95,2;61,6;2;385;standard;0
AST-01506;linea_AT;Centro;17;23,6;0,54;68,5;61,3;4;236;standard;0
AST-01507;cabina_primaria;Sud;33;36,9;1,07;57,0;63,5;4;323;standard;0
AST-01508;cabina_primaria;Centro;16;45,6;2,01;59,9;49,5;7;136;alta;0
AST-01509;turbina_eolica;Nord;13;43,5;2,18;66,1;64,8;5;15;standard;0
AST-01510;cabina_primaria;Sud;28;37,1;2,76;48,5;66,2;1;297;standard;1
AST-01511;turbina_eolica;Nord;6;41,7;0,64;57,0;78,3;2;119;standard;0
AST-01512;turbina_eolica;Nord;13;45,0;1,95;47,5;64,6;3;249;standard;0
AST-01513;cabina_primaria;Centro;14;41,9;0,41;74,2;53,6;1;147;standard;0
AST-01514;turbina_eolica;Sud;22;49,7;1,34;74,4;43,1;1;376;alta;1
AST-01515;turbina_eolica;Isole;30;44,9;1,72;36,2;40,6;1;277;standard;0
AST-01516;trasformatore;Nord;17;46,6;1,54;56,2;66,5;3;198;standard;0
AST-01517;turbina_eolica;Nord;10;57,4;4,74;100,0;73,1;3;15;critica;1
AST-01518;turbina_eolica;Isole;26;49,4;1,74;79,3;49,5;1;548;standard;1
AST-01519;linea_AT;Nord;23;57,7;2,51;76,2;65,6;4;149;standard;1
AST-01520;turbina_eolica;Nord;9;36,0;2,01;56,0;59,6;5;15;alta;0
AST-01521;trasformatore;Nord;15;27,7;1,66;73,2;72,1;3;103;standard;0
AST-01522;cabina_primaria;Centro;16;40,7;2,39;67,7;74,1;6;140;critica;0
AST-01523;trasformatore;Isole;25;40,0;1,89;53,7;30,3;1;328;standard;0
AST-01524;cabina_primaria;Sud;13;55,1;1,78;59,1;76,4;3;311;alta;0
AST-01525;trasformatore;Sud;31;31,8;1,43;59,5;65,5;4;287;standard;0
AST-01526;linea_AT;Nord;9;41,3;1,21;41,2;54,6;10;95;standard;0
AST-01527;turbina_eolica;Nord;20;45,6;1,08;44,2;55,0;5;67;standard;0
AST-01528;cabina_primaria;Centro;13;42,9;1,78;64,4;62,4;5;276;standard;0
AST-01529;trasformatore;Nord;10;40,5;1,69;52,7;54,9;5;256;standard;0
AST-01530;cabina_primaria;Nord;21;45,2;4,04;62,6;48,9;5;140;standard;1
AST-01531;turbina_eolica;Nord;20;51,7;0,49;39,1;52,1;5;159;standard;0
AST-01532;linea_AT;Nord;15;55,8;4,97;82,4;47,4;4;70;standard;1
AST-01533;turbina_eolica;Centro;22;42,3;0,66;100,0;80,9;4;216;standard;0
AST-01534;trasformatore;Sud;21;34,7;1,64;86,5;62,8;3;358;standard;0
AST-01535;turbina_eolica;Nord;14;55,8;2,19;88,3;93,5;3;142;standard;1
AST-01536;trasformatore;Centro;13;32,3;0,79;79,3;67,2;3;242;alta;0
AST-01537;trasformatore;Sud;28;58,1;0,64;72,8;70,2;1;365;critica;1
AST-01538;linea_AT;Sud;19;54,1;1,51;69,6;47,1;2;256;standard;0
AST-01539;turbina_eolica;Sud;32;55,4;2,55;51,5;58,9;0;435;critica;1
AST-01540;trasformatore;Centro;15;48,2;3,02;80,4;63,0;3;193;alta;0
AST-01541;trasformatore;Sud;23;23,0;0,56;79,4;53,1;5;474;critica;0
AST-01542;trasformatore;Nord;19;32,6;1,47;59,7;55,5;7;194;standard;0
AST-01543;trasformatore;Nord;14;44,8;0,34;77,5;67,9;4;318;standard;0
AST-01544;linea_AT;Nord;12;35,9;0,8;55,5;68,2;1;254;alta;0
AST-01545;trasformatore;Centro;17;39,2;3,58;56,7;43,3;7;228;standard;0
AST-01546;cabina_primaria;Centro;22;47,5;2,11;82,0;66,0;4;152;alta;0
AST-01547;trasformatore;Nord;10;40,5;0,86;75,7;69,7;4;104;alta;0
AST-01548;trasformatore;Sud;22;31,0;3,36;63,8;53,7;2;383;standard;0
AST-01549;cabina_primaria;Nord;14;50,0;0,97;61,7;52,3;4;171;standard;0
AST-01550;trasformatore;Nord;19;46,6;1,62;71,1;68,2;6;113;standard;0
AST-01551;turbina_eolica;Nord;13;39,8;0,28;35,0;26,0;3;227;alta;0
AST-01552;cabina_primaria;Centro;28;48,4;0,86;54,4;62,0;6;213;alta;0
AST-01553;cabina_primaria;Nord;13;42,9;1,98;45,2;84,9;3;227;alta;0
AST-01554;linea_AT;Nord;13;54,0;1,91;68,2;25,7;4;82;standard;0
AST-01555;trasformatore;Nord;13;43,4;1,21;87,6;73,5;9;240;critica;0
AST-01556;linea_AT;Sud;15;53,9;1,5;76,6;69,6;2;380;standard;0
AST-01557;cabina_primaria;Isole;19;25,1;2,68;58,8;41,9;2;476;standard;0
AST-01558;cabina_primaria;Centro;14;46,1;1,42;55,3;69,3;3;288;standard;0
AST-01559;trasformatore;Centro;24;38,4;2,2;54,4;76,0;5;203;standard;0
AST-01560;turbina_eolica;Sud;23;34,3;1,06;100,0;45,5;0;327;standard;1
AST-01561;trasformatore;Isole;22;52,4;1,6;69,2;52,1;1;523;standard;1
AST-01562;trasformatore;Centro;24;50,0;0,25;71,6;62,4;3;187;standard;0
AST-01563;linea_AT;Isole;34;23,9;1,12;30,0;75,7;3;440;standard;0
AST-01564;trasformatore;Isole;33;48,4;1,73;46,7;54,4;3;349;standard;1
AST-01565;trasformatore;Sud;18;47,3;1,53;67,2;61,4;2;191;critica;0
AST-01566;trasformatore;Centro;14;35,5;1,06;59,0;52,7;6;112;standard;0
AST-01567;turbina_eolica;Nord;25;34,5;0,72;70,4;62,3;7;192;standard;0
AST-01568;trasformatore;Nord;15;27,7;1,78;70,2;76,7;3;216;standard;0
AST-01569;turbina_eolica;Centro;15;39,0;1,5;78,8;63,5;9;243;standard;0
AST-01570;trasformatore;Centro;21;40,4;2,05;34,4;57,0;3;302;standard;0
AST-01571;cabina_primaria;Centro;23;49,2;0,94;48,1;61,5;6;241;standard;0
AST-01572;trasformatore;Centro;14;44,4;2,41;66,2;50,8;3;148;alta;1
AST-01573;turbina_eolica;Centro;18;32,5;0,63;56,3;48,1;3;258;standard;0
AST-01574;trasformatore;Sud;29;44,1;0,44;62,4;78,8;5;354;standard;0
AST-01575;trasformatore;Nord;7;39,7;3,6;70,0;84,9;5;114;critica;0
AST-01576;trasformatore;Nord;14;33,6;0,66;54,6;36,9;2;198;standard;0
AST-01577;trasformatore;Sud;16;27,7;1,79;71,5;70,1;2;346;standard;0
AST-01578;trasformatore;Sud;17;47,6;1,3;77,8;74,0;1;292;standard;0
AST-01579;turbina_eolica;Isole;22;46,0;3,65;69,2;45,0;1;366;alta;1
AST-01580;linea_AT;Sud;26;47,0;2,47;81,0;55,4;4;453;standard;1
AST-01581;trasformatore;Isole;23;35,4;0,46;28,9;53,9;0;490;standard;0
AST-01582;turbina_eolica;Nord;10;43,5;4,35;57,5;88,6;12;175;standard;0
AST-01583;linea_AT;Centro;17;29,6;3,06;84,1;85,1;5;215;standard;0
AST-01584;trasformatore;Nord;7;33,1;1,19;52,4;49,1;7;45;standard;0
AST-01585;turbina_eolica;Centro;20;42,3;0,62;50,0;41,6;5;348;standard;0
AST-01586;trasformatore;Isole;32;44,4;1,87;65,7;72,8;2;463;standard;0
AST-01587;trasformatore;Nord;14;27,3;1,95;67,7;69,6;8;220;standard;0
AST-01588;turbina_eolica;Centro;16;32,5;0,3;58,4;79,4;5;28;critica;0
AST-01589;cabina_primaria;Nord;16;38,7;1,78;100,0;47,2;3;163;standard;0
AST-01590;cabina_primaria;Nord;2;50,6;2,9;73,2;72,1;3;150;standard;0
AST-01591;cabina_primaria;Nord;17;34,7;1,72;51,7;51,8;9;215;standard;0
AST-01592;turbina_eolica;Nord;33;43,3;1,52;42,1;70,7;4;124;alta;0
AST-01593;trasformatore;Isole;24;44,2;1,39;75,3;61,5;2;361;alta;0
AST-01594;trasformatore;Centro;16;39,8;0,85;51,3;88,6;4;260;standard;0
AST-01595;trasformatore;Sud;27;44,4;3,28;100,0;68,3;0;278;standard;0
AST-01596;trasformatore;Sud;33;29,9;1,24;75,7;57,6;1;294;standard;0
AST-01597;trasformatore;Nord;20;36,1;1,87;78,1;63,9;4;175;standard;1
AST-01598;turbina_eolica;Nord;1;54,9;0,52;72,5;60,6;5;267;standard;0
AST-01599;trasformatore;Sud;26;55,5;1,48;88,2;45,8;4;405;standard;1
AST-01600;trasformatore;Nord;29;49,6;2,27;24,9;88,9;6;246;alta;0
AST-01601;linea_AT;Isole;29;51,9;1,22;46,3;84,4;1;385;standard;1
AST-01602;turbina_eolica;Nord;7;25,6;1,24;86,6;59,5;2;280;standard;0
AST-01603;cabina_primaria;Sud;25;33,5;1,6;95,0;71,8;2;201;standard;0
AST-01604;trasformatore;Sud;15;39,2;2,21;45,8;90,7;1;502;standard;0
AST-01605;turbina_eolica;Nord;21;63,7;1,77;35,3;79,3;7;332;standard;0
AST-01606;trasformatore;Nord;8;39,2;5,38;71,0;57,7;9;197;alta;0
AST-01607;turbina_eolica;Isole;25;48,7;3,6;76,7;60,8;1;447;standard;1
AST-01608;trasformatore;Nord;9;45,4;1,05;70,7;38,0;8;157;standard;0
AST-01609;trasformatore;Centro;14;45,2;3,17;66,9;72,8;2;193;standard;1
AST-01610;linea_AT;Centro;26;41,8;0,3;34,7;79,4;9;161;critica;0
AST-01611;trasformatore;Nord;15;31,2;1,3;61,2;79,5;6;156;alta;0
AST-01612;trasformatore;Sud;20;17,7;0,42;63,9;71,8;2;384;standard;0
AST-01613;cabina_primaria;Sud;16;53,5;2,38;58,1;66,9;3;374;alta;0
AST-01614;trasformatore;Nord;3;36,5;1,22;33,5;48,0;4;319;standard;0
AST-01615;linea_AT;Sud;15;25,2;0,59;78,5;66,5;2;348;standard;0
AST-01616;turbina_eolica;Nord;15;45,9;2,71;83,6;53,2;4;41;standard;0
AST-01617;trasformatore;Nord;20;45,8;0,67;53,7;69,4;8;292;alta;0
AST-01618;turbina_eolica;Centro;14;48,9;2,54;64,7;51,3;7;112;critica;0
AST-01619;trasformatore;Isole;34;52,0;1,91;59,1;69,3;2;335;alta;1
AST-01620;linea_AT;Nord;10;33,7;1,39;59,2;80,5;2;182;alta;0
AST-01621;trasformatore;Nord;13;34,1;2,95;76,9;67,3;4;193;standard;0
AST-01622;trasformatore;Centro;11;39,1;0,78;77,3;66,6;6;94;critica;0
AST-01623;trasformatore;Sud;29;49,4;0,35;87,3;74,8;2;280;standard;0
AST-01624;cabina_primaria;Nord;27;23,1;0,63;87,0;86,8;4;42;critica;0
AST-01625;linea_AT;Centro;6;43,2;5,34;64,9;60,5;4;260;standard;1
AST-01626;cabina_primaria;Sud;21;50,4;0,86;100,0;69,3;0;435;standard;0
AST-01627;linea_AT;Nord;22;50,0;1,17;95,9;83,2;2;62;standard;0
AST-01628;linea_AT;Nord;5;48,4;4,12;56,2;71,4;4;240;standard;0
AST-01629;turbina_eolica;Nord;17;51,6;1,17;70,3;34,0;4;234;standard;0
AST-01630;cabina_primaria;Centro;24;17,3;2,42;32,3;52,0;2;157;alta;0
AST-01631;turbina_eolica;Centro;17;56,5;4,42;68,5;72,5;5;51;alta;0
AST-01632;turbina_eolica;Sud;26;45,0;2,16;98,1;56,4;0;254;standard;0
AST-01633;linea_AT;Centro;28;54,0;1,57;100,0;82,2;10;162;standard;0
AST-01634;turbina_eolica;Sud;35;31,4;2,77;65,8;88,0;2;463;standard;1
AST-01635;trasformatore;Isole;25;26,2;0,2;74,0;53,7;2;371;standard;0
AST-01636;turbina_eolica;Centro;14;58,1;1,16;78,9;47,5;4;129;standard;0
AST-01637;trasformatore;Centro;11;33,7;3,64;100,0;56,9;2;222;alta;0
AST-01638;cabina_primaria;Isole;31;39,2;0,87;50,3;56,1;2;276;alta;0
AST-01639;turbina_eolica;Nord;6;46,7;0,11;100,0;83,5;5;201;standard;0
AST-01640;cabina_primaria;Sud;21;49,0;1,77;62,3;47,5;0;262;alta;0
AST-01641;turbina_eolica;Sud;24;51,7;2,44;46,9;72,4;4;273;standard;1
AST-01642;linea_AT;Nord;11;44,0;1,27;62,3;81,4;6;190;alta;0
AST-01643;trasformatore;Centro;19;32,5;2,46;53,4;73,5;4;350;alta;0
AST-01644;cabina_primaria;Nord;29;48,4;1,92;75,5;68,1;8;336;standard;0
AST-01645;turbina_eolica;Nord;13;48,5;8,08;38,3;59,7;4;77;standard;1
AST-01646;trasformatore;Centro;14;25,7;2,8;70,5;87,9;2;162;alta;0
AST-01647;trasformatore;Nord;20;54,8;1,92;80,0;58,6;1;201;standard;1
AST-01648;trasformatore;Sud;24;19,6;0,26;94,7;75,3;1;434;standard;0
AST-01649;turbina_eolica;Isole;34;51,3;0,93;80,3;59,8;2;207;standard;1
AST-01650;linea_AT;Sud;24;36,3;0,68;93,6;36,2;2;347;standard;0
AST-01651;cabina_primaria;Nord;13;48,3;4,05;57,1;58,2;3;121;standard;0
AST-01652;linea_AT;Nord;3;46,6;0,61;75,1;59,8;3;15;standard;0
AST-01653;turbina_eolica;Nord;4;41,7;1,26;27,9;60,0;5;53;standard;0
AST-01654;turbina_eolica;Nord;3;46,1;2,08;65,9;52,8;3;115;standard;0
AST-01655;cabina_primaria;Isole;27;41,2;1,07;75,0;70,8;0;385;alta;0
AST-01656;cabina_primaria;Centro;9;48,4;1,21;76,6;72,3;9;291;standard;0
AST-01657;trasformatore;Nord;22;61,7;1,92;39,7;57,7;3;188;alta;0
AST-01658;cabina_primaria;Sud;23;29,9;0,87;61,0;57,6;3;416;standard;0
AST-01659;turbina_eolica;Centro;16;13,3;1,76;63,5;47,3;3;212;standard;0
AST-01660;cabina_primaria;Nord;9;38,3;2,71;60,3;65,6;3;104;standard;0
AST-01661;cabina_primaria;Nord;18;37,6;0,98;81,1;81,3;2;145;alta;0
AST-01662;linea_AT;Centro;12;38,6;0,66;64,1;81,3;4;266;standard;0
AST-01663;trasformatore;Sud;17;33,7;4,62;69,8;53,6;1;423;standard;0
AST-01664;linea_AT;Nord;21;49,9;4,66;59,2;89,9;3;148;critica;1
AST-01665;trasformatore;Isole;27;29,6;1,52;87,2;56,9;5;306;standard;0
AST-01666;linea_AT;Sud;22;46,1;1,72;88,5;47,8;2;367;standard;0
AST-01667;trasformatore;Sud;27;47,7;1,71;62,4;42,9;0;378;alta;0
AST-01668;linea_AT;Nord;14;44,8;1,15;100,0;46,9;2;259;standard;0
AST-01669;cabina_primaria;Nord;16;46,4;1,49;54,2;66,7;7;106;alta;0
AST-01670;trasformatore;Sud;18;50,5;0,26;86,1;58,4;2;287;critica;0
AST-01671;turbina_eolica;Nord;26;42,5;0,49;50,9;53,2;1;220;alta;0
AST-01672;linea_AT;Centro;14;38,9;1,21;81,9;50,1;6;177;standard;0
AST-01673;turbina_eolica;Sud;32;46,4;0,99;80,5;46,8;1;304;standard;1
AST-01674;trasformatore;Nord;13;47,4;0,56;49,8;49,5;5;260;alta;0
AST-01675;trasformatore;Sud;28;50,0;1,49;65,6;76,2;1;230;standard;0
AST-01676;turbina_eolica;Isole;29;26,6;2,51;100,0;87,2;2;544;standard;1
AST-01677;linea_AT;Sud;30;40,3;0,87;53,3;88,1;4;291;critica;0
AST-01678;linea_AT;Centro;12;32,4;0,17;75,2;71,6;3;279;alta;0
AST-01679;trasformatore;Sud;29;47,0;1,92;74,0;55,1;2;331;standard;0
AST-01680;turbina_eolica;Centro;28;48,5;1,24;67,2;52,7;6;232;alta;0
AST-01681;turbina_eolica;Sud;21;39,5;2,8;36,8;72,6;1;319;standard;1
AST-01682;trasformatore;Sud;23;35,4;0,45;82,9;58,6;2;409;critica;0
AST-01683;linea_AT;Sud;20;47,4;0,63;68,2;67,8;1;312;standard;0
AST-01684;trasformatore;Nord;12;40,8;1,18;87,9;89,0;4;114;standard;0
AST-01685;turbina_eolica;Nord;24;54,8;0,75;72,2;65,0;7;305;standard;0
AST-01686;cabina_primaria;Nord;8;58,0;3,38;69,2;93,9;4;162;standard;0
AST-01687;turbina_eolica;Centro;11;51,0;0,48;74,7;46,2;6;156;standard;0
AST-01688;linea_AT;Centro;27;44,1;1,15;50,2;68,3;5;91;alta;0
AST-01689;trasformatore;Centro;21;58,4;5,29;96,0;66,4;3;359;standard;1
AST-01690;trasformatore;Centro;30;44,2;0,44;61,2;48,2;8;166;alta;0
AST-01691;trasformatore;Sud;20;37,7;1,6;61,5;73,2;0;505;standard;0
AST-01692;linea_AT;Isole;26;35,9;1,25;91,3;83,4;2;412;standard;1
AST-01693;cabina_primaria;Nord;10;35,7;2,13;72,5;92,8;7;171;standard;0
AST-01694;trasformatore;Sud;24;41,9;1,98;63,7;67,8;1;354;alta;1
AST-01695;trasformatore;Sud;12;46,2;1,89;75,4;35,4;3;517;standard;0
AST-01696;trasformatore;Centro;21;29,3;2,93;79,3;68,7;8;35;standard;0
AST-01697;linea_AT;Nord;16;38,0;2,88;65,9;72,4;2;177;standard;0
AST-01698;linea_AT;Sud;23;43,9;0,98;84,6;58,7;0;319;alta;0
AST-01699;linea_AT;Isole;23;47,8;0,95;45,1;65,0;0;363;critica;0
AST-01700;cabina_primaria;Sud;18;41,8;2,44;72,7;55,2;1;352;alta;1
AST-01701;trasformatore;Isole;29;44,2;1,77;82,4;60,1;3;359;alta;0
AST-01702;linea_AT;Isole;18;30,9;2,01;79,2;76,2;0;395;alta;1
AST-01703;linea_AT;Nord;17;33,8;1,62;27,7;81,4;6;158;alta;0
AST-01704;trasformatore;Centro;29;41,5;1,09;65,7;44,2;4;105;alta;0
AST-01705;cabina_primaria;Centro;26;46,6;2,35;46,1;54,8;4;241;standard;0
AST-01706;trasformatore;Isole;16;44,1;0,84;91,1;39,8;1;437;standard;0
AST-01707;linea_AT;Nord;11;34,4;5,36;61,0;87,7;2;117;alta;0
AST-01708;linea_AT;Centro;20;39,9;5,03;89,1;74,2;4;359;alta;1
AST-01709;cabina_primaria;Sud;23;55,6;6,15;46,1;34,0;3;447;alta;0
AST-01710;turbina_eolica;Nord;6;46,9;1,85;75,0;61,1;8;228;standard;0
AST-01711;trasformatore;Sud;25;40,5;1,2;68,1;58,0;2;407;alta;0
AST-01712;cabina_primaria;Centro;17;32,8;3,91;100,0;51,4;8;212;standard;0
AST-01713;linea_AT;Isole;36;35,6;1,64;89,2;76,5;1;471;standard;1
AST-01714;turbina_eolica;Isole;23;42,1;2,79;88,0;76,2;1;506;standard;1
AST-01715;linea_AT;Nord;21;44,5;2,78;100,0;65,8;2;225;standard;1
AST-01716;trasformatore;Sud;15;47,1;0,86;73,1;53,0;2;294;standard;0
AST-01717;linea_AT;Nord;8;45,5;2,31;66,2;53,1;6;157;standard;0
AST-01718;cabina_primaria;Centro;21;38,7;2,7;64,2;62,6;5;256;alta;1
AST-01719;trasformatore;Sud;30;37,4;1,5;73,9;55,6;2;407;standard;0
AST-01720;turbina_eolica;Sud;17;60,4;0,48;18,1;61,9;3;334;standard;0
AST-01721;cabina_primaria;Nord;14;37,0;3,96;68,0;69,8;7;115;alta;0
AST-01722;linea_AT;Nord;6;30,4;5,29;72,1;40,5;5;287;critica;0
AST-01723;cabina_primaria;Sud;22;27,3;1,72;65,2;51,4;1;254;alta;0
AST-01724;turbina_eolica;Centro;22;38,8;1,29;40,4;61,5;3;135;standard;0
AST-01725;cabina_primaria;Centro;14;50,5;0,41;65,3;83,9;5;104;standard;0
AST-01726;trasformatore;Nord;13;36,8;1,79;40,4;73,8;3;85;alta;0
AST-01727;turbina_eolica;Nord;7;55,3;1,14;99,9;61,9;3;260;standard;0
AST-01728;turbina_eolica;Sud;19;41,9;0,4;63,4;67,6;2;442;alta;0
AST-01729;linea_AT;Nord;25;52,0;2,95;30,9;60,6;8;154;standard;0
AST-01730;cabina_primaria;Centro;17;35,2;2,4;64,3;77,1;6;250;alta;0
AST-01731;linea_AT;Isole;19;35,3;1,02;84,1;68,1;1;379;standard;0
AST-01732;linea_AT;Nord;12;42,8;4,64;71,2;79,9;7;65;standard;0
AST-01733;turbina_eolica;Sud;13;46,3;1,55;51,6;43,0;1;517;standard;0
AST-01734;turbina_eolica;Nord;8;40,4;1,74;55,8;50,7;1;270;standard;0
AST-01735;turbina_eolica;Sud;31;44,6;1,39;62,8;65,8;1;368;standard;0
AST-01736;trasformatore;Sud;22;47,3;3,23;60,1;68,9;2;272;standard;1
AST-01737;turbina_eolica;Isole;36;29,2;2,34;45,3;95,6;2;362;standard;0
AST-01738;cabina_primaria;Nord;13;38,9;0,26;66,8;36,7;3;105;standard;0
AST-01739;linea_AT;Centro;17;37,3;1,64;44,0;61,5;1;218;standard;0
AST-01740;linea_AT;Sud;27;37,8;2,76;85,1;60,9;3;365;standard;1
AST-01741;turbina_eolica;Nord;1;45,7;0,41;87,3;65,3;3;133;critica;0
AST-01742;turbina_eolica;Nord;15;37,5;2,74;49,9;86,3;4;44;standard;0
AST-01743;trasformatore;Nord;14;24,0;2,38;55,1;74,3;6;331;alta;0
AST-01744;turbina_eolica;Isole;34;39,9;0,73;60,4;39,5;3;399;standard;1
AST-01745;turbina_eolica;Sud;29;32,4;1,36;67,4;83,5;4;377;standard;0
AST-01746;trasformatore;Centro;10;46,5;0,55;72,6;83,1;3;176;alta;0
AST-01747;trasformatore;Sud;30;49,3;1,04;76,3;65,7;5;215;alta;0
AST-01748;linea_AT;Centro;15;22,4;1,34;75,9;39,4;4;203;alta;0
AST-01749;turbina_eolica;Centro;12;35,0;2,52;96,0;59,9;2;184;standard;0
AST-01750;turbina_eolica;Centro;18;45,2;2,87;69,1;68,6;3;267;standard;1
AST-01751;trasformatore;Centro;16;29,3;1,91;44,6;76,0;4;282;standard;0
AST-01752;turbina_eolica;Nord;23;49,0;1,3;39,0;37,2;3;221;standard;0
AST-01753;turbina_eolica;Isole;27;51,4;2,69;97,4;51,2;3;459;critica;1
AST-01754;turbina_eolica;Sud;24;40,5;1,75;77,2;77,4;0;484;standard;0
AST-01755;linea_AT;Nord;19;35,0;2,06;71,7;83,0;10;191;standard;0
AST-01756;trasformatore;Centro;24;21,2;2,97;76,1;68,0;4;298;standard;0
AST-01757;cabina_primaria;Nord;19;49,3;2,58;70,9;78,1;2;200;standard;1
AST-01758;trasformatore;Isole;34;60,0;2,05;75,8;68,4;3;228;standard;1
AST-01759;turbina_eolica;Isole;29;58,2;2,34;61,3;75,5;1;368;standard;0
AST-01760;trasformatore;Isole;26;40,2;1,02;87,0;64,0;3;311;critica;0
AST-01761;turbina_eolica;Nord;21;32,2;0,91;58,6;68,7;5;179;standard;0
AST-01762;trasformatore;Nord;13;49,5;5,24;51,7;44,9;2;97;standard;1
AST-01763;cabina_primaria;Nord;14;40,9;0,87;37,6;72,1;5;208;standard;0
AST-01764;turbina_eolica;Nord;24;46,3;2,99;63,7;44,5;7;238;standard;0
AST-01765;linea_AT;Nord;24;44,7;1,28;90,8;72,1;2;256;standard;0
AST-01766;trasformatore;Nord;14;42,8;2,51;59,8;55,9;2;290;alta;0
AST-01767;trasformatore;Isole;22;51,3;0,23;43,2;67,2;1;246;standard;0
AST-01768;turbina_eolica;Nord;23;51,6;0,51;73,1;48,7;3;64;standard;0
AST-01769;turbina_eolica;Nord;19;37,3;3,1;56,3;54,9;4;394;alta;0
AST-01770;turbina_eolica;Sud;25;33,7;0,36;95,9;67,2;3;421;standard;0
AST-01771;cabina_primaria;Centro;15;19,5;1,03;87,3;72,6;3;228;standard;0
AST-01772;linea_AT;Sud;25;38,9;4,02;45,1;77,3;1;343;standard;0
AST-01773;cabina_primaria;Centro;17;32,2;2,87;64,9;45,9;1;205;standard;1
AST-01774;trasformatore;Isole;21;45,8;1,23;54,4;41,0;1;225;standard;0
AST-01775;linea_AT;Centro;18;39,0;0,88;47,1;48,3;6;148;critica;0
AST-01776;linea_AT;Centro;19;40,0;4,42;67,0;47,1;4;201;alta;1
AST-01777;linea_AT;Sud;21;49,3;0,94;82,7;83,9;0;283;standard;0
AST-01778;cabina_primaria;Centro;22;45,6;2,0;66,5;80,8;2;163;alta;0
AST-01779;linea_AT;Nord;22;40,9;3,8;58,7;48,0;8;365;standard;0
AST-01780;cabina_primaria;Centro;23;57,2;2,24;28,3;85,9;3;190;alta;0
AST-01781;linea_AT;Nord;12;48,6;3,8;56,0;79,9;1;182;standard;0
AST-01782;trasformatore;Sud;28;38,3;1,19;77,9;39,2;3;359;standard;0
AST-01783;linea_AT;Nord;14;38,7;0,67;43,8;47,6;4;207;alta;0
AST-01784;turbina_eolica;Nord;7;49,1;2,58;91,1;38,8;5;122;standard;0
AST-01785;cabina_primaria;Nord;18;43,8;3,53;57,5;60,8;1;260;critica;1
AST-01786;cabina_primaria;Sud;24;31,9;2,34;71,5;62,2;3;375;standard;1
AST-01787;trasformatore;Nord;30;50,1;0,78;60,8;62,2;4;57;critica;0
AST-01788;trasformatore;Sud;32;53,3;6,71;46,8;33,6;3;331;standard;1
AST-01789;trasformatore;Sud;27;52,6;0,55;75,9;42,0;2;326;standard;0
AST-01790;turbina_eolica;Nord;15;55,9;1,85;57,2;65,6;3;143;standard;0
AST-01791;trasformatore;Sud;24;60,6;3,78;53,0;70,7;1;381;standard;1
AST-01792;linea_AT;Nord;8;57,6;1,73;25,2;33,7;5;211;standard;0
AST-01793;linea_AT;Nord;4;45,1;2,61;91,4;44,1;2;201;alta;0
AST-01794;cabina_primaria;Sud;18;40,1;0,34;68,1;76,3;4;367;alta;0
AST-01795;trasformatore;Isole;25;25,5;2,54;87,9;44,9;1;387;standard;1
AST-01796;turbina_eolica;Nord;1;42,1;0,74;79,2;61,8;3;15;standard;0
AST-01797;trasformatore;Centro;14;46,7;1,87;87,9;43,5;3;272;standard;0
AST-01798;cabina_primaria;Nord;13;42,4;0,53;57,8;73,6;5;199;alta;0
AST-01799;trasformatore;Centro;16;25,0;2,71;43,3;33,8;6;131;critica;0
AST-01800;trasformatore;Centro;13;39,4;2,32;81,7;57,7;5;232;standard;0
AST-01801;trasformatore;Centro;15;47,8;1,86;70,3;75,2;10;262;standard;0
AST-01802;cabina_primaria;Centro;27;32,8;3,16;59,6;70,5;4;304;standard;1
AST-01803;trasformatore;Nord;18;43,5;2,48;81,4;55,5;3;201;standard;1
AST-01804;linea_AT;Sud;20;45,9;0,52;73,5;52,2;0;366;standard;0
AST-01805;linea_AT;Sud;23;52,1;3,1;79,5;58,7;2;416;standard;1
AST-01806;linea_AT;Sud;23;57,4;2,51;49,6;43,9;1;315;alta;1
AST-01807;trasformatore;Nord;9;38,6;0,87;85,6;60,6;4;193;standard;0
AST-01808;trasformatore;Centro;12;43,7;1,67;67,9;60,8;6;160;standard;0
AST-01809;turbina_eolica;Centro;23;43,9;1,16;87,5;56,1;7;299;standard;0
AST-01810;trasformatore;Nord;11;47,8;5,69;85,4;76,0;5;31;standard;0
AST-01811;linea_AT;Nord;7;46,8;0,66;80,4;47,0;2;225;alta;0
AST-01812;turbina_eolica;Centro;17;54,8;1,2;66,0;38,1;2;211;critica;0
AST-01813;turbina_eolica;Sud;24;21,0;1,59;80,8;54,6;3;417;standard;1
AST-01814;trasformatore;Nord;2;45,8;1,81;88,0;63,7;4;98;standard;0
AST-01815;linea_AT;Sud;23;46,4;1,23;78,9;60,5;6;347;alta;0
AST-01816;trasformatore;Centro;22;39,9;1,78;71,6;59,9;5;215;alta;0
AST-01817;linea_AT;Sud;26;21,6;2,35;80,8;46,2;2;375;alta;0
AST-01818;trasformatore;Centro;30;41,5;0,95;58,5;48,2;4;126;standard;0
AST-01819;cabina_primaria;Centro;25;35,6;1,23;95,3;55,2;1;261;standard;1
AST-01820;linea_AT;Centro;26;57,1;4,9;37,7;54,1;5;62;standard;1
AST-01821;trasformatore;Isole;42;45,4;3,15;68,6;77,4;2;327;standard;1
AST-01822;trasformatore;Centro;22;34,8;3,1;60,7;65,7;4;85;critica;0
AST-01823;trasformatore;Centro;18;23,5;0,49;56,5;54,5;3;276;standard;0
AST-01824;trasformatore;Centro;23;47,3;5,42;73,5;77,3;3;242;standard;1
AST-01825;trasformatore;Sud;20;48,3;1,54;47,7;68,2;6;376;standard;0
AST-01826;cabina_primaria;Nord;15;40,1;3,33;100,0;43,0;3;278;standard;1
AST-01827;linea_AT;Centro;13;47,4;1,89;43,7;16,6;4;185;critica;0
AST-01828;trasformatore;Centro;19;38,9;0,33;50,9;43,4;5;259;standard;0
AST-01829;linea_AT;Isole;21;51,6;1,28;49,2;70,3;1;385;standard;0
AST-01830;trasformatore;Centro;13;50,9;3,18;71,6;74,5;4;203;alta;0
AST-01831;cabina_primaria;Centro;19;27,2;3,24;86,3;38,8;4;315;standard;0
AST-01832;trasformatore;Isole;24;29,4;1,94;77,5;71,2;1;547;standard;0
AST-01833;linea_AT;Centro;5;60,3;0,64;94,5;70,7;2;175;standard;0
AST-01834;linea_AT;Nord;5;50,4;3,4;53,1;81,5;4;227;standard;1
AST-01835;trasformatore;Nord;7;30,6;0,95;79,9;75,3;5;186;standard;0
AST-01836;trasformatore;Nord;9;27,9;1,88;62,5;80,9;5;186;standard;0
AST-01837;turbina_eolica;Nord;16;43,9;2,45;72,1;68,8;4;180;standard;0
AST-01838;cabina_primaria;Centro;18;31,7;2,61;88,0;68,4;5;183;alta;0
AST-01839;turbina_eolica;Sud;29;39,1;2,39;37,5;57,3;0;53;critica;0
AST-01840;linea_AT;Sud;28;41,6;0,83;100,0;73,5;2;463;standard;0
AST-01841;linea_AT;Nord;20;41,2;1,19;65,4;43,3;3;104;standard;0
AST-01842;cabina_primaria;Centro;21;52,1;0,81;39,1;60,1;3;191;standard;0
AST-01843;turbina_eolica;Nord;15;58,5;2,75;55,5;69,6;4;142;standard;0
AST-01844;turbina_eolica;Isole;32;37,7;2,5;69,8;81,7;0;317;standard;1
AST-01845;linea_AT;Nord;20;31,8;0,92;55,5;55,3;7;179;standard;0
AST-01846;trasformatore;Centro;19;45,5;3,03;31,1;75,5;2;206;standard;0
AST-01847;cabina_primaria;Nord;22;56,7;3,02;69,7;59,2;1;103;standard;0
AST-01848;trasformatore;Centro;3;38,4;3,71;55,0;75,8;3;222;standard;0
AST-01849;trasformatore;Centro;15;49,7;2,44;79,7;50,8;3;207;alta;0
AST-01850;cabina_primaria;Sud;21;34,5;2,55;48,8;72,2;1;414;standard;0
AST-01851;trasformatore;Nord;21;42,2;1,26;100,0;60,7;6;53;alta;0
AST-01852;trasformatore;Isole;34;31,5;1,5;77,2;45,4;3;316;standard;0
AST-01853;trasformatore;Centro;8;42,1;3,48;71,5;59,9;4;268;standard;0
AST-01854;turbina_eolica;Sud;31;41,0;1,06;79,2;80,5;1;289;alta;0
AST-01855;cabina_primaria;Sud;16;47,5;0,86;35,2;47,7;1;268;standard;0
AST-01856;trasformatore;Isole;18;58,0;2,57;59,1;41,2;3;333;alta;1
AST-01857;trasformatore;Nord;13;38,5;0,27;100,0;67,6;3;152;standard;0
AST-01858;turbina_eolica;Nord;12;24,0;1,01;62,2;38,5;5;152;standard;0
AST-01859;cabina_primaria;Nord;5;40,2;3,8;66,9;83,9;7;143;standard;0
AST-01860;trasformatore;Nord;18;44,7;4,3;59,6;83,5;6;78;standard;0
AST-01861;cabina_primaria;Centro;21;43,8;3,25;94,4;76,5;3;272;alta;0
AST-01862;cabina_primaria;Isole;31;40,6;1,82;63,6;61,8;0;486;standard;0
AST-01863;trasformatore;Isole;22;55,4;0,86;45,5;85,3;0;227;standard;0
AST-01864;cabina_primaria;Centro;17;43,2;0,52;100,0;80,8;2;86;standard;0
AST-01865;linea_AT;Centro;17;41,1;1,33;43,2;54,5;3;290;standard;0
AST-01866;turbina_eolica;Sud;33;35,0;0,53;66,2;82,1;1;466;standard;1
AST-01867;turbina_eolica;Isole;8;26,3;5,28;52,8;49,2;0;210;standard;0
AST-01868;cabina_primaria;Nord;8;45,0;1,28;55,4;59,2;2;225;standard;0
AST-01869;linea_AT;Centro;17;44,2;1,4;48,9;36,9;2;341;alta;0
AST-01870;linea_AT;Sud;16;32,5;2,9;58,3;64,0;0;271;standard;0
AST-01871;cabina_primaria;Nord;12;41,6;0,44;85,7;57,9;8;286;alta;0
AST-01872;turbina_eolica;Centro;16;40,7;1,43;33,8;55,7;3;196;alta;0
AST-01873;cabina_primaria;Isole;21;36,4;1,71;90,7;59,7;1;405;standard;0
AST-01874;cabina_primaria;Isole;25;34,9;0,54;87,6;53,9;3;322;alta;0
AST-01875;trasformatore;Isole;29;45,6;0,81;77,2;62,6;3;460;standard;0
AST-01876;trasformatore;Sud;22;40,0;1,08;70,3;80,0;0;407;standard;0
AST-01877;turbina_eolica;Nord;11;36,7;3,33;73,0;47,1;3;298;critica;0
AST-01878;cabina_primaria;Nord;13;34,2;4,22;93,6;74,1;3;275;standard;1
AST-01879;trasformatore;Centro;17;40,8;2,35;36,6;65,0;5;209;critica;0
AST-01880;linea_AT;Centro;7;50,3;1,62;81,1;67,2;6;459;alta;0
AST-01881;trasformatore;Centro;20;43,9;3,81;54,6;61,6;3;318;alta;0
AST-01882;turbina_eolica;Centro;14;39,9;3,04;82,9;52,0;1;253;standard;1
AST-01883;linea_AT;Centro;25;44,8;6,3;57,0;68,2;3;130;standard;1
AST-01884;trasformatore;Sud;27;54,3;0,37;80,7;69,3;3;218;standard;0
AST-01885;cabina_primaria;Nord;21;46,4;1,75;40,1;50,8;0;44;standard;0
AST-01886;trasformatore;Nord;8;44,3;1,13;37,5;43,3;2;85;alta;0
AST-01887;cabina_primaria;Nord;12;47,7;0,44;66,0;63,2;4;270;standard;0
AST-01888;trasformatore;Nord;7;40,6;1,77;93,8;72,6;6;199;standard;0
AST-01889;cabina_primaria;Sud;19;43,7;5,9;77,7;76,1;2;291;critica;1
AST-01890;linea_AT;Centro;25;37,6;0,7;77,5;78,8;4;199;standard;0
AST-01891;trasformatore;Nord;23;28,0;7,79;83,5;67,2;0;139;alta;1
AST-01892;trasformatore;Sud;16;45,1;3,09;60,9;58,3;2;404;standard;1
AST-01893;trasformatore;Centro;14;45,1;3,91;79,0;62,0;8;140;standard;0
AST-01894;linea_AT;Nord;14;39,4;3,89;57,6;44,6;2;188;standard;0
AST-01895;cabina_primaria;Nord;18;51,3;2,36;62,3;52,4;5;184;standard;0
AST-01896;turbina_eolica;Nord;3;35,5;1,27;64,6;61,3;6;92;alta;0
AST-01897;turbina_eolica;Sud;13;26,1;0,52;58,2;58,3;2;467;standard;0
AST-01898;linea_AT;Nord;17;35,7;0,71;66,8;63,3;3;136;standard;0
AST-01899;turbina_eolica;Nord;2;28,1;2,57;63,4;42,8;7;81;alta;0
AST-01900;linea_AT;Nord;11;45,0;1,31;55,3;45,9;3;228;standard;0
AST-01901;turbina_eolica;Centro;18;35,2;0,78;65,5;72,9;3;214;standard;0
AST-01902;linea_AT;Nord;16;50,9;2,09;70,8;50,3;6;193;standard;0
AST-01903;cabina_primaria;Sud;22;50,7;2,26;48,2;52,5;1;245;critica;0
AST-01904;turbina_eolica;Nord;12;33,7;2,91;75,5;63,3;2;225;critica;0
AST-01905;trasformatore;Centro;22;34,7;0,93;59,1;49,0;3;384;standard;0
AST-01906;trasformatore;Centro;19;46,8;1,61;71,6;77,5;4;109;standard;0
AST-01907;linea_AT;Centro;13;50,8;0,95;56,0;44,4;6;238;critica;0
AST-01908;trasformatore;Nord;14;23,9;0,61;86,9;62,0;7;97;alta;0
AST-01909;cabina_primaria;Sud;25;44,5;3,49;85,2;51,5;3;555;standard;0
AST-01910;linea_AT;Isole;35;22,2;3,33;49,1;64,2;2;479;alta;1
AST-01911;turbina_eolica;Nord;19;37,1;0,39;77,4;55,0;3;183;standard;0
AST-01912;linea_AT;Nord;21;51,8;1,83;94,0;61,7;7;62;standard;0
AST-01913;trasformatore;Isole;21;69,1;3,82;50,9;79,1;0;301;alta;1
AST-01914;cabina_primaria;Centro;14;39,9;2,98;52,4;52,4;3;270;alta;0
AST-01915;trasformatore;Nord;13;30,8;0,84;81,2;52,3;2;51;standard;0
AST-01916;linea_AT;Nord;13;37,4;4,1;44,5;57,6;7;54;alta;0
AST-01917;cabina_primaria;Sud;17;42,6;3,83;54,0;82,6;1;341;standard;1
AST-01918;linea_AT;Sud;31;36,0;2,21;49,7;60,7;2;351;alta;0
AST-01919;cabina_primaria;Centro;22;33,7;1,44;81,5;79,3;2;240;standard;0
AST-01920;turbina_eolica;Isole;23;38,2;0,83;55,5;59,5;3;345;critica;0
AST-01921;cabina_primaria;Centro;21;45,6;1,76;62,9;78,7;2;284;standard;0
AST-01922;linea_AT;Nord;15;40,5;4,49;54,5;67,7;5;91;standard;0
AST-01923;linea_AT;Centro;21;34,1;0,86;88,7;69,8;7;260;standard;0
AST-01924;trasformatore;Nord;6;36,0;4,75;52,5;41,9;2;177;standard;0
AST-01925;trasformatore;Nord;13;38,3;2,88;42,7;39,8;4;208;standard;0
AST-01926;linea_AT;Nord;14;33,0;1,75;42,0;77,0;4;255;alta;0
AST-01927;trasformatore;Nord;18;35,6;3,85;80,5;76,8;4;124;standard;0
AST-01928;linea_AT;Sud;19;47,8;1,72;81,8;95,9;3;287;alta;0
AST-01929;cabina_primaria;Nord;1;39,9;1,53;90,5;41,2;5;25;standard;0
AST-01930;cabina_primaria;Centro;11;26,2;3,39;45,3;68,8;1;48;standard;0
AST-01931;trasformatore;Centro;17;51,2;0,07;63,8;47,7;4;196;standard;0
AST-01932;cabina_primaria;Centro;17;45,8;1,81;100,0;51,6;4;201;standard;1
AST-01933;trasformatore;Sud;33;29,6;1,72;62,6;55,0;4;253;standard;0
AST-01934;turbina_eolica;Sud;26;38,7;1,11;57,9;67,4;4;270;standard;1
AST-01935;cabina_primaria;Sud;23;34,9;1,5;67,6;52,7;0;462;standard;0
AST-01936;trasformatore;Nord;14;48,1;5,13;77,5;62,5;6;230;standard;1
AST-01937;trasformatore;Centro;24;38,7;0,15;77,2;73,6;3;109;standard;0
AST-01938;trasformatore;Centro;13;41,3;0,84;56,9;77,8;4;175;standard;0
AST-01939;turbina_eolica;Nord;13;40,3;0,97;57,5;71,7;2;192;standard;0
AST-01940;cabina_primaria;Nord;7;28,7;1,62;62,7;68,3;3;110;standard;0
AST-01941;trasformatore;Nord;23;54,6;1,43;54,9;60,0;4;95;alta;0
AST-01942;trasformatore;Centro;19;48,0;2,02;45,8;54,0;3;183;standard;0
AST-01943;linea_AT;Centro;13;35,3;0,25;100,0;69,5;0;297;critica;0
AST-01944;trasformatore;Nord;13;43,7;1,99;60,7;47,3;3;255;standard;0
AST-01945;linea_AT;Sud;26;50,8;5,1;61,7;63,7;0;281;critica;1
AST-01946;cabina_primaria;Isole;23;42,5;1,81;62,3;46,9;2;417;standard;0
AST-01947;linea_AT;Nord;11;56,0;1,47;66,6;61,4;3;159;standard;0
AST-01948;cabina_primaria;Isole;21;68,3;1,65;75,8;47,2;2;299;standard;1
AST-01949;turbina_eolica;Nord;16;40,9;1,32;59,6;56,4;3;136;critica;0
AST-01950;cabina_primaria;Isole;23;36,8;2,88;88,5;52,5;2;279;standard;1
AST-01951;trasformatore;Isole;22;33,1;2,23;78,8;50,8;3;473;alta;0
AST-01952;trasformatore;Nord;6;22,1;2,12;64,6;60,8;4;284;standard;0
AST-01953;linea_AT;Sud;23;53,2;3,85;56,0;28,1;1;307;standard;0
AST-01954;trasformatore;Isole;24;38,8;2,9;87,5;36,8;2;328;alta;1
AST-01955;cabina_primaria;Isole;23;49,9;0,15;65,1;73,3;2;464;standard;1
AST-01956;linea_AT;Isole;26;51,7;1,3;45,6;64,1;1;477;alta;1
AST-01957;cabina_primaria;Centro;21;32,3;0,58;86,4;51,9;6;121;alta;0
AST-01958;trasformatore;Nord;18;33,6;0,95;54,9;75,6;1;148;standard;0
AST-01959;turbina_eolica;Sud;26;57,7;1,12;83,6;53,1;1;335;standard;0
AST-01960;linea_AT;Centro;16;41,4;0,92;22,7;53,9;5;148;standard;0
AST-01961;trasformatore;Centro;14;36,1;2,99;61,4;51,0;4;241;alta;0
AST-01962;turbina_eolica;Centro;11;32,6;2,67;88,9;88,7;8;154;standard;0
AST-01963;linea_AT;Centro;13;40,7;1,3;68,1;65,3;4;167;alta;0
AST-01964;cabina_primaria;Nord;14;55,6;2,6;78,8;64,7;3;152;standard;0
AST-01965;linea_AT;Sud;18;48,2;2,38;51,8;68,5;1;221;critica;0
AST-01966;trasformatore;Nord;15;43,6;1,92;74,3;36,1;2;15;standard;0
AST-01967;turbina_eolica;Sud;17;56,3;1,58;68,1;53,7;4;413;standard;0
AST-01968;linea_AT;Sud;13;54,6;3,2;72,4;68,4;1;281;alta;0
AST-01969;trasformatore;Centro;22;45,0;1,72;100,0;61,9;3;381;alta;1
AST-01970;turbina_eolica;Centro;14;67,0;2,08;91,5;92,9;2;368;standard;1
AST-01971;trasformatore;Nord;9;39,8;1,98;82,3;54,5;5;119;standard;0
AST-01972;trasformatore;Isole;18;51,9;1,15;82,5;75,2;1;567;standard;1
AST-01973;turbina_eolica;Sud;26;38,5;1,11;51,6;73,3;5;415;standard;0
AST-01974;trasformatore;Nord;22;50,1;1,5;59,5;64,0;3;108;standard;0
AST-01975;linea_AT;Nord;12;39,8;2,95;40,4;66,5;6;15;standard;0
AST-01976;trasformatore;Nord;13;46,2;1,62;45,1;57,9;4;215;standard;0
AST-01977;linea_AT;Centro;23;63,5;0,31;52,0;34,4;8;213;standard;0
AST-01978;trasformatore;Isole;14;50,6;2,22;67,5;66,9;1;415;standard;0
AST-01979;cabina_primaria;Sud;35;46,3;1,2;45,9;68,0;5;322;standard;0
AST-01980;trasformatore;Nord;29;35,0;0,91;67,3;70,2;5;68;standard;0
AST-01981;turbina_eolica;Sud;7;43,7;2,77;65,2;62,9;1;306;standard;0
AST-01982;trasformatore;Nord;13;32,9;2,76;47,6;75,6;3;217;standard;0
AST-01983;trasformatore;Sud;19;50,0;1,93;95,5;49,9;3;312;alta;0
AST-01984;turbina_eolica;Nord;12;49,8;1,42;44,2;82,6;2;131;standard;0
AST-01985;cabina_primaria;Centro;14;40,4;1,23;88,1;48,2;4;88;alta;0
AST-01986;cabina_primaria;Isole;30;57,0;0,59;27,4;60,5;2;387;critica;0
AST-01987;trasformatore;Nord;13;55,7;0,16;65,4;71,5;0;71;standard;0
AST-01988;trasformatore;Sud;18;43,3;1,3;46,4;54,8;4;413;alta;0
AST-01989;linea_AT;Isole;24;47,1;1,32;56,2;72,5;1;321;standard;0
AST-01990;linea_AT;Nord;17;36,7;0,86;100,0;57,2;5;136;alta;0
AST-01991;trasformatore;Nord;7;39,6;3,84;61,8;63,7;1;333;standard;0
AST-01992;linea_AT;Sud;13;32,3;1,16;48,1;59,5;1;315;alta;0
AST-01993;turbina_eolica;Nord;26;37,7;1,91;76,8;53,9;1;125;standard;0
AST-01994;linea_AT;Nord;10;41,1;2,19;61,6;93,5;7;207;critica;0
AST-01995;turbina_eolica;Centro;16;27,1;2,4;70,7;50,2;2;67;standard;0
AST-01996;turbina_eolica;Sud;21;47,2;1,05;51,5;30,0;1;440;alta;0
AST-01997;trasformatore;Nord;17;51,2;1,39;52,4;50,7;8;240;critica;0
AST-01998;linea_AT;Nord;25;41,9;1,78;53,8;63,8;1;202;alta;0
AST-01999;trasformatore;Sud;26;17,7;1,06;82,4;56,7;4;70;standard;0
AST-02000;linea_AT;Centro;8;39,7;3,6;63,9;76,3;3;189;standard;0
AST-02001;linea_AT;Sud;15;29,5;6,55;49,1;75,8;3;238;alta;1
AST-02002;linea_AT;Centro;15;36,5;2,15;70,9;57,5;6;300;standard;0
AST-02003;trasformatore;Isole;23;55,1;2,14;69,4;38,4;3;464;standard;1
AST-02004;trasformatore;Sud;13;20,1;3,44;78,3;44,0;0;371;alta;1
AST-02005;turbina_eolica;Nord;19;34,7;2,97;59,3;61,5;7;64;critica;0
AST-02006;linea_AT;Isole;18;49,5;1,72;66,6;40,1;0;500;standard;1
AST-02007;cabina_primaria;Centro;26;35,7;4,89;75,6;56,9;3;189;standard;1
AST-02008;turbina_eolica;Nord;25;35,0;1,1;49,8;81,9;9;304;alta;0
AST-02009;cabina_primaria;Nord;13;60,3;2,79;84,0;66,8;7;181;standard;0
AST-02010;trasformatore;Sud;26;45,4;1,39;68,3;62,6;1;381;critica;0
AST-02011;turbina_eolica;Nord;7;50,4;2,33;48,2;47,4;4;123;alta;0
AST-02012;trasformatore;Nord;18;46,5;1,28;48,0;64,5;7;273;standard;0
AST-02013;linea_AT;Nord;11;43,5;4,79;66,2;58,4;6;209;alta;0
AST-02014;trasformatore;Centro;10;53,4;3,55;58,1;65,3;3;325;alta;0
AST-02015;trasformatore;Centro;15;59,1;2,25;81,6;72,2;4;224;standard;0
AST-02016;linea_AT;Centro;14;26,8;3,0;62,8;74,6;1;206;standard;0
AST-02017;turbina_eolica;Nord;12;41,7;0,86;73,5;63,8;5;208;alta;0
AST-02018;trasformatore;Nord;20;41,6;0,5;52,7;69,2;0;275;standard;0
AST-02019;trasformatore;Centro;12;38,1;1,06;67,6;54,8;3;291;critica;0
AST-02020;turbina_eolica;Nord;24;50,8;4,7;91,7;77,9;5;171;standard;1
AST-02021;trasformatore;Sud;15;44,3;1,28;65,3;49,6;2;191;standard;0
AST-02022;trasformatore;Nord;24;59,3;3,13;58,0;59,1;1;225;critica;1
AST-02023;linea_AT;Nord;8;51,9;1,48;52,5;79,3;6;45;standard;0
AST-02024;trasformatore;Nord;14;54,3;1,55;67,7;55,3;4;163;standard;0
AST-02025;linea_AT;Centro;14;31,2;1,29;93,4;43,2;2;201;standard;0
AST-02026;turbina_eolica;Centro;15;34,7;1,23;43,5;56,2;4;97;critica;0
AST-02027;trasformatore;Sud;28;35,5;2,98;67,1;81,5;2;370;critica;1
AST-02028;trasformatore;Nord;23;53,9;1,24;37,2;30,2;2;332;standard;0
AST-02029;trasformatore;Centro;24;33,3;1,22;60,6;63,4;4;185;alta;0
AST-02030;trasformatore;Centro;15;33,6;1,74;72,7;53,1;5;271;alta;0
AST-02031;trasformatore;Nord;15;31,9;1,4;39,6;59,7;3;348;standard;0
AST-02032;cabina_primaria;Centro;12;66,8;0,93;60,0;57,1;5;279;standard;0
AST-02033;cabina_primaria;Nord;8;40,7;2,76;73,2;75,4;2;108;alta;0
AST-02034;turbina_eolica;Centro;10;46,8;2,03;70,4;62,8;7;229;standard;0
AST-02035;linea_AT;Nord;11;31,7;1,18;74,1;76,1;2;198;standard;0
AST-02036;linea_AT;Sud;24;50,6;0,93;50,5;80,0;1;455;standard;0
AST-02037;cabina_primaria;Isole;14;26,0;3,48;73,2;62,4;1;477;standard;0
AST-02038;trasformatore;Nord;14;33,2;0,64;57,2;57,0;3;15;standard;0
AST-02039;trasformatore;Centro;26;35,4;2,53;80,9;67,3;2;142;standard;0
AST-02040;trasformatore;Sud;30;44,0;0,3;26,4;70,0;4;334;standard;0
AST-02041;trasformatore;Nord;10;34,9;1,86;62,8;45,9;5;79;critica;0
AST-02042;trasformatore;Sud;15;55,7;1,9;69,8;65,3;0;44;standard;0
AST-02043;cabina_primaria;Centro;20;46,5;0,55;92,3;58,5;5;152;standard;1
AST-02044;cabina_primaria;Isole;11;35,8;0,59;69,6;56,1;2;380;standard;0
AST-02045;trasformatore;Isole;32;51,0;1,95;71,4;52,3;1;338;standard;0
AST-02046;turbina_eolica;Nord;13;38,5;0,57;74,8;53,2;0;80;alta;0
AST-02047;turbina_eolica;Centro;28;36,7;3,96;90,6;79,6;11;213;standard;1
AST-02048;turbina_eolica;Centro;7;50,1;1,2;61,1;56,9;4;237;alta;0
AST-02049;linea_AT;Nord;20;19,9;4,41;42,7;78,0;4;123;standard;0
AST-02050;trasformatore;Nord;13;48,6;3,81;39,3;63,8;3;270;alta;0
AST-02051;cabina_primaria;Isole;23;35,6;1,59;80,0;46,1;2;385;alta;1
AST-02052;cabina_primaria;Nord;6;35,6;1,99;72,0;64,7;8;90;standard;0
AST-02053;linea_AT;Centro;21;59,6;3,35;63,4;45,4;6;120;alta;0
AST-02054;linea_AT;Sud;27;37,2;0,74;57,5;70,5;2;323;alta;0
AST-02055;turbina_eolica;Nord;25;50,6;1,28;71,3;59,1;4;249;critica;0
AST-02056;trasformatore;Centro;23;44,5;4,34;71,8;74,0;1;144;critica;0
AST-02057;trasformatore;Isole;21;45,4;3,1;76,6;82,1;1;428;alta;1
AST-02058;linea_AT;Centro;11;39,7;1,45;48,0;37,7;2;218;standard;0
AST-02059;trasformatore;Nord;6;39,3;2,0;36,2;55,5;2;319;standard;0
AST-02060;cabina_primaria;Nord;23;55,8;1,04;51,6;45,1;6;191;alta;0
AST-02061;turbina_eolica;Isole;20;50,4;1,36;43,7;92,2;0;324;critica;0
AST-02062;turbina_eolica;Nord;23;37,5;2,5;42,7;55,8;4;219;standard;0
AST-02063;trasformatore;Centro;20;32,6;1,37;96,3;43,6;2;272;standard;0
AST-02064;cabina_primaria;Nord;16;36,7;2,77;27,2;93,4;2;128;standard;0
AST-02065;trasformatore;Centro;15;50,8;0,57;76,5;51,8;5;117;standard;0
AST-02066;trasformatore;Isole;29;52,6;2,48;84,3;39,3;1;423;standard;0
AST-02067;trasformatore;Centro;17;47,0;0,81;85,8;45,8;7;215;standard;0
AST-02068;linea_AT;Isole;23;27,4;1,56;73,0;64,0;1;259;alta;0
AST-02069;cabina_primaria;Nord;18;48,8;0,99;91,8;62,6;5;180;standard;0
AST-02070;trasformatore;Centro;16;53,7;2,49;100,0;50,3;4;159;standard;0
AST-02071;cabina_primaria;Sud;18;43,6;0,62;62,6;55,2;2;219;standard;0
AST-02072;trasformatore;Centro;21;59,8;2,79;76,1;62,7;3;182;alta;0
AST-02073;linea_AT;Nord;14;30,1;1,73;91,0;80,5;5;263;standard;0
AST-02074;trasformatore;Sud;26;48,2;1,47;52,5;66,7;1;437;standard;0
AST-02075;turbina_eolica;Centro;14;32,8;1,1;63,6;54,1;3;286;alta;0
AST-02076;linea_AT;Centro;10;51,5;1,26;56,7;58,8;2;232;alta;0
AST-02077;turbina_eolica;Isole;35;47,5;3,75;76,3;72,8;1;428;standard;1
AST-02078;trasformatore;Nord;23;58,2;1,08;33,8;85,5;6;168;standard;0
AST-02079;cabina_primaria;Nord;19;46,5;3,77;93,9;46,5;4;72;critica;0
AST-02080;cabina_primaria;Nord;12;38,4;4,56;77,6;77,6;1;88;standard;1
AST-02081;turbina_eolica;Centro;15;37,6;1,44;78,6;57,6;5;161;standard;0
AST-02082;linea_AT;Nord;22;39,7;0,5;25,5;39,3;4;272;critica;0
AST-02083;linea_AT;Sud;21;37,4;3,19;49,3;36,5;5;426;alta;0
AST-02084;trasformatore;Nord;10;54,1;3,17;94,8;80,7;1;74;standard;0
AST-02085;cabina_primaria;Sud;34;53,5;3,81;64,8;82,3;1;344;alta;1
AST-02086;trasformatore;Nord;14;28,5;1,64;37,0;54,0;4;128;standard;0
AST-02087;linea_AT;Nord;25;42,3;2,14;72,0;59,0;6;148;alta;0
AST-02088;trasformatore;Nord;6;42,6;1,25;80,2;37,0;3;117;alta;0
AST-02089;trasformatore;Sud;26;35,0;1,21;77,6;72,7;4;452;standard;0
AST-02090;turbina_eolica;Centro;29;45,9;2,07;65,3;61,6;1;208;critica;1
AST-02091;turbina_eolica;Nord;14;55,1;3,37;88,4;40,3;3;177;alta;0
AST-02092;cabina_primaria;Sud;21;50,0;2,9;55,4;64,9;4;358;standard;0
AST-02093;cabina_primaria;Centro;10;54,1;1,78;77,7;42,5;5;128;alta;0
AST-02094;trasformatore;Nord;20;35,5;3,55;70,4;69,8;5;169;alta;1
AST-02095;trasformatore;Isole;20;42,3;0,64;65,6;46,8;1;465;standard;0
AST-02096;turbina_eolica;Nord;13;35,1;6,96;61,2;66,7;5;278;standard;0
AST-02097;turbina_eolica;Nord;7;44,2;0,7;61,8;52,9;4;68;standard;0
AST-02098;turbina_eolica;Centro;26;45,0;1,68;68,6;28,9;3;89;critica;0
AST-02099;cabina_primaria;Nord;21;50,6;2,05;62,7;75,9;5;165;standard;0
AST-02100;linea_AT;Nord;14;53,8;2,1;81,2;76,7;3;249;standard;0
AST-02101;trasformatore;Sud;16;48,2;3,32;58,4;54,7;2;369;standard;1
AST-02102;turbina_eolica;Nord;23;34,3;0,91;96,2;65,8;4;214;standard;0
AST-02103;linea_AT;Sud;21;29,8;2,2;57,5;68,1;1;231;standard;0
AST-02104;turbina_eolica;Isole;18;46,7;2,75;84,6;68,6;4;334;standard;1
AST-02105;trasformatore;Centro;6;55,5;3,63;85,3;86,2;2;34;standard;0
AST-02106;turbina_eolica;Sud;19;41,8;1,43;71,0;67,8;2;329;alta;0
AST-02107;turbina_eolica;Sud;14;28,3;1,92;69,4;57,0;0;167;standard;0
AST-02108;trasformatore;Isole;21;60,8;1,74;54,9;68,0;3;487;standard;1
AST-02109;linea_AT;Nord;18;46,4;2,66;58,7;56,0;4;284;standard;0
AST-02110;trasformatore;Nord;12;43,5;2,67;72,0;47,1;3;171;alta;1
AST-02111;linea_AT;Centro;19;31,5;1,39;67,2;79,1;3;89;standard;0
AST-02112;turbina_eolica;Centro;13;42,1;1,72;89,3;69,5;3;240;standard;0
AST-02113;cabina_primaria;Nord;14;48,2;1,81;59,8;35,9;9;309;alta;0
AST-02114;trasformatore;Centro;29;46,5;0,79;60,9;52,4;6;248;standard;0
AST-02115;trasformatore;Nord;12;35,9;2,28;38,0;72,6;4;255;standard;0
AST-02116;trasformatore;Isole;27;41,5;2,22;79,6;40,1;1;341;standard;1
AST-02117;turbina_eolica;Nord;5;36,5;0,8;78,0;51,5;4;90;alta;0
AST-02118;trasformatore;Nord;23;57,0;2,38;85,6;99,3;6;154;standard;0
AST-02119;linea_AT;Nord;11;50,1;7,58;86,6;57,4;5;15;alta;1
AST-02120;trasformatore;Nord;20;37,3;0,99;82,2;77,2;0;341;critica;0
AST-02121;trasformatore;Nord;13;31,5;0,79;83,0;83,0;2;171;alta;0
AST-02122;turbina_eolica;Nord;18;44,5;2,72;79,0;49,3;3;229;standard;0
AST-02123;linea_AT;Nord;18;37,6;1,38;81,8;65,7;6;123;alta;0
AST-02124;cabina_primaria;Nord;11;38,2;3,33;34,8;90,8;5;37;standard;0
AST-02125;linea_AT;Nord;21;31,8;1,66;48,2;68,4;1;274;standard;0
AST-02126;linea_AT;Centro;12;32,9;1,15;45,3;95,1;3;120;standard;0
AST-02127;linea_AT;Nord;19;43,5;1,65;90,9;53,1;6;188;standard;0
AST-02128;linea_AT;Nord;12;39,6;2,67;53,9;87,2;2;195;critica;0
AST-02129;trasformatore;Nord;16;64,5;2,61;56,8;62,2;4;166;alta;1
AST-02130;linea_AT;Nord;11;47,3;0,58;68,1;57,4;4;97;alta;0
AST-02131;linea_AT;Nord;14;31,6;2,67;45,6;71,0;5;148;alta;0
AST-02132;trasformatore;Sud;17;28,2;1,85;74,8;60,4;3;264;standard;0
AST-02133;linea_AT;Isole;26;45,6;1,95;29,7;60,8;3;445;alta;0
AST-02134;turbina_eolica;Isole;25;38,4;2,28;46,8;68,8;1;426;standard;0
AST-02135;turbina_eolica;Centro;14;54,0;0,78;71,6;36,7;4;208;standard;0
AST-02136;trasformatore;Centro;17;44,5;0,56;45,7;50,8;7;165;standard;0
AST-02137;linea_AT;Nord;15;24,2;0,6;91,4;72,1;6;329;alta;0
AST-02138;cabina_primaria;Sud;19;32,8;3,2;68,8;75,9;1;236;alta;0
AST-02139;trasformatore;Sud;22;35,9;3,18;88,4;67,0;1;216;critica;0
AST-02140;turbina_eolica;Sud;17;46,0;0,21;74,4;65,9;4;333;alta;0
AST-02141;trasformatore;Isole;39;32,5;1,72;67,8;67,6;3;359;standard;1
AST-02142;trasformatore;Centro;23;43,4;1,22;50,1;75,4;3;298;standard;0
AST-02143;cabina_primaria;Sud;25;30,0;0,86;84,7;42,0;2;392;standard;0
AST-02144;turbina_eolica;Sud;30;42,1;3,61;75,9;54,9;1;342;alta;0
AST-02145;turbina_eolica;Nord;2;45,3;4,07;100,0;61,0;4;200;standard;0
AST-02146;trasformatore;Isole;10;55,2;2,02;82,9;64,7;1;419;standard;1
AST-02147;cabina_primaria;Nord;12;44,2;1,17;60,8;32,5;7;328;standard;0
AST-02148;trasformatore;Isole;17;34,6;1,33;73,2;44,4;0;400;alta;1
AST-02149;linea_AT;Sud;22;55,4;0,75;75,6;61,8;4;286;standard;0
AST-02150;trasformatore;Nord;15;40,4;1,31;88,9;76,2;5;176;alta;0
AST-02151;trasformatore;Sud;29;49,0;0,95;91,8;56,1;4;131;standard;0
AST-02152;linea_AT;Nord;7;36,5;3,9;65,1;52,7;9;157;standard;0
AST-02153;trasformatore;Sud;25;42,8;0,4;46,1;69,4;1;427;alta;0
AST-02154;linea_AT;Sud;23;34,8;2,97;34,6;57,4;2;388;standard;0
AST-02155;trasformatore;Centro;19;44,9;0,91;47,5;74,3;6;234;alta;0
AST-02156;linea_AT;Sud;20;49,2;2,65;57,3;58,9;1;392;alta;0
AST-02157;linea_AT;Nord;22;37,5;1,6;95,1;46,4;4;248;standard;1
AST-02158;linea_AT;Nord;13;37,0;3,0;95,4;81,9;2;274;alta;0
AST-02159;trasformatore;Centro;28;45,2;0,62;85,3;79,3;3;246;alta;0
AST-02160;linea_AT;Nord;9;34,6;1,13;90,1;48,6;5;135;standard;0
AST-02161;cabina_primaria;Centro;21;28,3;1,39;55,3;67,5;2;25;standard;0
AST-02162;trasformatore;Nord;14;45,2;1,83;40,7;57,4;2;238;standard;0
AST-02163;trasformatore;Centro;15;41,0;1,82;49,9;70,7;1;251;standard;0
AST-02164;cabina_primaria;Centro;21;40,8;0,75;31,4;49,7;4;222;standard;0
AST-02165;trasformatore;Sud;21;46,7;0,58;47,9;74,2;1;285;alta;0
AST-02166;linea_AT;Nord;1;47,9;1,45;58,9;78,7;5;237;critica;0
AST-02167;linea_AT;Isole;7;40,6;1,67;71,0;48,7;3;359;standard;0
AST-02168;trasformatore;Centro;25;31,9;1,39;70,4;62,9;3;207;alta;0
AST-02169;linea_AT;Nord;21;36,3;0,39;55,6;79,0;5;156;alta;0
AST-02170;linea_AT;Centro;28;47,3;1,72;78,2;48,0;2;246;alta;0
AST-02171;trasformatore;Centro;17;43,2;2,36;55,9;52,6;2;118;alta;0
AST-02172;cabina_primaria;Nord;6;37,1;2,01;68,2;71,3;6;205;standard;0
AST-02173;trasformatore;Centro;14;34,9;1,56;48,0;59,8;5;152;standard;0
AST-02174;turbina_eolica;Nord;14;47,6;1,91;87,6;39,9;1;105;standard;0
AST-02175;cabina_primaria;Nord;8;40,0;0,98;68,4;57,5;2;231;standard;0
AST-02176;trasformatore;Centro;27;48,8;3,61;80,2;86,5;1;130;standard;0
AST-02177;cabina_primaria;Centro;30;49,9;1,21;46,1;90,9;2;281;standard;0
AST-02178;trasformatore;Sud;26;39,2;2,41;71,1;53,1;6;348;standard;0
AST-02179;turbina_eolica;Nord;14;50,5;4,36;78,3;49,2;3;28;standard;1
AST-02180;trasformatore;Isole;17;43,2;1,51;31,2;55,6;1;489;standard;0
AST-02181;linea_AT;Sud;32;44,4;3,08;89,0;87,2;2;365;standard;0
AST-02182;linea_AT;Isole;25;22,3;1,19;45,5;73,8;0;412;standard;0
AST-02183;cabina_primaria;Sud;21;33,3;3,1;71,8;82,5;0;421;standard;1
AST-02184;cabina_primaria;Nord;17;33,7;3,9;100,0;76,0;4;280;alta;0
AST-02185;linea_AT;Centro;13;39,1;0,92;85,2;43,5;3;226;alta;0
AST-02186;linea_AT;Nord;15;43,0;2,89;41,2;48,7;9;209;critica;0
AST-02187;turbina_eolica;Sud;14;43,4;4,46;64,8;52,3;1;370;critica;0
AST-02188;cabina_primaria;Centro;24;44,6;2,12;90,2;54,7;3;183;alta;1
AST-02189;linea_AT;Nord;13;35,8;3,46;53,3;52,5;1;33;alta;0
AST-02190;cabina_primaria;Isole;32;48,2;3,96;61,5;54,1;0;397;standard;1
AST-02191;trasformatore;Nord;13;58,3;3,16;61,0;71,0;1;270;standard;0
AST-02192;turbina_eolica;Centro;16;38,8;1,0;78,3;63,9;4;257;critica;0
AST-02193;linea_AT;Sud;16;36,0;2,32;40,3;79,1;2;255;critica;0
AST-02194;trasformatore;Nord;19;35,8;2,51;79,3;65,5;6;248;standard;0
AST-02195;trasformatore;Centro;12;42,8;0,35;56,8;52,5;5;185;standard;0
AST-02196;cabina_primaria;Sud;20;37,3;1,6;67,8;64,6;2;173;standard;0
AST-02197;turbina_eolica;Nord;14;26,4;1,91;64,0;40,8;4;241;standard;0
AST-02198;trasformatore;Centro;18;28,9;2,39;78,8;29,6;4;134;standard;0
AST-02199;trasformatore;Nord;4;51,2;0,81;67,6;71,0;5;302;standard;0
AST-02200;turbina_eolica;Sud;22;53,5;1,51;93,9;76,3;5;432;standard;1
AST-02201;linea_AT;Nord;19;56,4;2,01;85,8;63,0;5;142;alta;0
AST-02202;cabina_primaria;Isole;23;44,0;1,3;53,7;56,5;2;417;alta;0
AST-02203;cabina_primaria;Isole;24;33,1;0,34;92,6;43,2;1;574;alta;0
AST-02204;linea_AT;Nord;15;38,1;3,72;73,7;78,3;5;240;standard;0
AST-02205;linea_AT;Nord;13;28,6;5,46;71,1;68,9;4;179;standard;0
AST-02206;trasformatore;Centro;11;28,2;2,2;83,3;66,1;2;441;alta;0
AST-02207;cabina_primaria;Sud;23;44,3;2,23;49,3;61,9;2;349;standard;0
AST-02208;trasformatore;Centro;23;46,9;1,68;43,2;55,4;4;257;critica;0
AST-02209;trasformatore;Nord;8;59,6;0,59;68,4;46,4;2;85;standard;0
AST-02210;cabina_primaria;Nord;12;41,3;0,44;57,1;65,5;4;26;standard;0
AST-02211;cabina_primaria;Isole;17;29,8;0,11;100,0;54,5;2;357;standard;0
AST-02212;trasformatore;Centro;23;40,9;3,54;54,2;56,1;6;213;standard;0
AST-02213;linea_AT;Sud;22;39,5;5,09;68,7;86,0;3;366;standard;1
AST-02214;turbina_eolica;Centro;12;37,6;2,34;71,5;61,3;9;96;standard;0
AST-02215;trasformatore;Isole;26;45,1;1,29;90,2;27,7;1;433;standard;1
AST-02216;trasformatore;Nord;7;31,1;1,51;50,1;54,5;5;94;standard;0
AST-02217;trasformatore;Nord;8;43,2;2,57;39,0;48,0;5;209;alta;0
AST-02218;turbina_eolica;Isole;16;47,9;3,42;93,1;60,1;4;455;standard;1
AST-02219;turbina_eolica;Isole;19;54,8;1,71;69,4;42,1;2;348;alta;0
AST-02220;turbina_eolica;Nord;22;44,8;1,37;82,6;68,1;6;83;alta;0
AST-02221;trasformatore;Nord;10;51,4;0,8;83,4;57,9;5;283;standard;0
AST-02222;cabina_primaria;Centro;20;38,0;1,18;86,5;55,3;2;280;standard;0
AST-02223;linea_AT;Centro;12;39,3;2,47;61,2;64,1;3;222;standard;0
AST-02224;cabina_primaria;Nord;19;54,1;2,1;56,3;60,9;2;277;standard;0
AST-02225;trasformatore;Isole;19;29,7;1,99;32,1;60,1;2;387;alta;0
AST-02226;linea_AT;Nord;14;38,4;0,82;50,1;58,9;6;110;critica;0
AST-02227;cabina_primaria;Sud;23;52,2;1,46;69,1;61,7;2;260;standard;1
AST-02228;trasformatore;Nord;28;40,1;2,92;55,4;66,8;4;151;standard;0
AST-02229;trasformatore;Nord;18;39,4;4,24;47,5;65,1;9;222;alta;0
AST-02230;trasformatore;Sud;19;39,6;2,82;68,9;77,8;5;451;standard;0
AST-02231;trasformatore;Nord;18;43,1;3,41;92,2;54,3;0;162;standard;1
AST-02232;turbina_eolica;Sud;36;51,8;0,35;67,0;65,3;2;437;standard;0
AST-02233;trasformatore;Nord;4;50,3;3,79;47,6;96,2;4;143;standard;0
AST-02234;trasformatore;Isole;20;42,1;2,32;90,9;61,4;4;317;standard;0
AST-02235;linea_AT;Sud;22;51,8;2,0;54,1;62,0;2;235;critica;1
AST-02236;trasformatore;Sud;20;45,1;2,14;94,6;44,3;1;300;alta;1
AST-02237;trasformatore;Nord;12;49,7;4,76;63,3;52,0;4;59;standard;0
AST-02238;linea_AT;Nord;6;32,7;1,25;69,9;60,5;4;321;critica;0
AST-02239;trasformatore;Nord;22;57,6;2,14;96,1;69,5;5;195;standard;0
AST-02240;trasformatore;Centro;8;44,0;1,59;43,7;71,1;4;202;standard;0
AST-02241;trasformatore;Nord;13;17,3;0,86;49,1;66,6;4;298;critica;0
AST-02242;trasformatore;Nord;20;56,9;0,5;62,1;73,3;6;56;alta;0
AST-02243;turbina_eolica;Nord;14;42,0;0,85;65,5;48,0;2;149;alta;0
AST-02244;trasformatore;Nord;8;38,4;1,03;100,0;68,8;2;320;standard;0
AST-02245;trasformatore;Centro;9;36,5;1,64;52,0;62,2;3;198;standard;0
AST-02246;cabina_primaria;Nord;13;46,0;3,41;44,5;63,7;4;356;critica;0
AST-02247;cabina_primaria;Nord;9;34,0;0,85;51,2;56,9;3;223;standard;0
AST-02248;trasformatore;Centro;18;36,8;1,01;72,2;48,7;6;314;alta;0
AST-02249;trasformatore;Centro;9;37,0;4,7;76,9;45,0;3;317;alta;1
AST-02250;turbina_eolica;Nord;19;39,4;1,28;55,3;66,5;6;160;standard;0
AST-02251;cabina_primaria;Centro;18;37,4;1,11;68,4;69,0;4;171;alta;0
AST-02252;cabina_primaria;Sud;24;49,7;1,14;100,0;60,2;0;331;critica;0
AST-02253;trasformatore;Nord;23;44,4;1,89;68,6;61,8;2;81;alta;0
AST-02254;trasformatore;Centro;14;45,5;1,65;73,8;51,9;6;205;standard;0
AST-02255;turbina_eolica;Isole;21;47,5;1,05;100,0;69,0;0;380;standard;0
AST-02256;cabina_primaria;Centro;14;41,2;1,33;55,4;62,8;3;345;standard;0
AST-02257;cabina_primaria;Isole;24;32,8;2,98;54,3;56,9;3;427;standard;0
AST-02258;trasformatore;Sud;22;58,2;2,06;59,5;74,1;1;529;critica;0
AST-02259;linea_AT;Nord;9;50,3;3,99;58,5;71,0;8;15;critica;0
AST-02260;trasformatore;Centro;5;56,5;1,43;35,2;40,5;6;113;standard;0
AST-02261;linea_AT;Sud;20;51,3;2,97;70,5;62,7;1;312;alta;0
AST-02262;cabina_primaria;Isole;27;37,9;3,04;71,9;48,6;1;499;critica;1
AST-02263;turbina_eolica;Centro;18;20,9;1,0;64,7;64,0;7;201;standard;0
AST-02264;trasformatore;Nord;21;30,9;2,25;72,5;17,9;0;43;standard;0
AST-02265;linea_AT;Centro;29;47,7;1,8;72,6;64,8;6;190;standard;0
AST-02266;turbina_eolica;Nord;19;41,1;0,37;44,3;72,0;5;64;standard;0
AST-02267;cabina_primaria;Sud;31;38,2;0,53;73,2;60,4;1;229;critica;1
AST-02268;trasformatore;Centro;22;19,5;1,94;78,1;45,7;3;370;standard;0
AST-02269;cabina_primaria;Sud;33;41,9;0,4;39,3;89,4;3;312;standard;0
AST-02270;trasformatore;Sud;34;32,3;0,32;94,3;78,2;3;354;alta;0
AST-02271;trasformatore;Centro;23;35,5;1,77;45,8;54,6;5;203;alta;0
AST-02272;trasformatore;Centro;21;49,7;0,19;47,5;58,3;3;190;critica;0
AST-02273;trasformatore;Sud;22;32,7;0,75;71,6;34,3;3;273;alta;0
AST-02274;trasformatore;Sud;23;33,6;1,76;77,6;68,6;0;315;standard;1
AST-02275;linea_AT;Sud;21;43,7;1,56;82,0;42,8;2;367;critica;0
AST-02276;trasformatore;Nord;18;49,9;1,56;78,1;71,3;2;273;standard;0
AST-02277;trasformatore;Centro;13;38,4;2,54;58,6;76,4;4;286;standard;0
AST-02278;trasformatore;Nord;13;55,2;3,26;70,0;61,0;2;62;standard;0
AST-02279;trasformatore;Sud;9;30,5;3,47;62,3;47,1;0;419;standard;0
AST-02280;cabina_primaria;Centro;27;28,9;4,96;71,1;79,5;5;248;standard;1
AST-02281;cabina_primaria;Centro;16;28,1;0,22;69,2;62,0;5;160;alta;0
AST-02282;trasformatore;Nord;17;27,1;0,95;58,9;63,3;4;175;standard;0
AST-02283;linea_AT;Nord;23;45,0;0,7;61,8;49,0;3;206;standard;0
AST-02284;linea_AT;Sud;25;33,2;5,06;34,7;64,7;2;344;critica;0
AST-02285;cabina_primaria;Nord;23;29,3;1,79;82,9;59,2;4;198;alta;1
AST-02286;trasformatore;Nord;7;45,4;1,62;73,4;43,4;6;91;alta;0
AST-02287;trasformatore;Isole;39;49,4;1,22;26,5;80,8;3;539;alta;1
AST-02288;turbina_eolica;Sud;30;51,5;1,17;82,3;86,6;1;186;standard;0
AST-02289;cabina_primaria;Nord;15;49,9;1,17;67,0;76,3;1;206;standard;0
AST-02290;linea_AT;Nord;23;33,7;1,25;51,1;74,2;2;189;alta;0
AST-02291;turbina_eolica;Isole;18;44,5;1,16;49,5;86,7;1;431;alta;0
AST-02292;trasformatore;Sud;21;46,5;4,32;55,6;47,3;1;283;standard;1
AST-02293;linea_AT;Centro;26;37,7;6,15;51,2;47,2;5;304;standard;1
AST-02294;cabina_primaria;Nord;3;43,5;5,92;53,7;56,2;7;151;standard;0
AST-02295;turbina_eolica;Nord;17;30,7;0,35;98,6;66,2;5;65;standard;0
AST-02296;linea_AT;Nord;17;36,4;1,04;74,7;57,9;7;72;standard;0
AST-02297;turbina_eolica;Sud;35;45,3;0,27;100,0;47,7;2;350;standard;0
AST-02298;turbina_eolica;Nord;5;55,6;6,06;72,1;62,1;4;32;standard;0
AST-02299;turbina_eolica;Nord;24;52,4;2,2;78,4;60,7;4;304;standard;1
AST-02300;linea_AT;Sud;20;47,9;2,92;52,1;73,8;3;424;alta;1
AST-02301;cabina_primaria;Isole;22;42,7;1,52;65,0;62,6;3;526;standard;0
AST-02302;turbina_eolica;Sud;16;41,3;1,62;66,5;35,3;2;478;standard;0
AST-02303;trasformatore;Centro;10;29,0;3,72;79,2;67,4;2;182;standard;0
AST-02304;turbina_eolica;Centro;19;34,5;1,78;67,1;84,1;2;140;alta;0
AST-02305;trasformatore;Centro;10;34,8;1,83;74,3;62,4;4;15;standard;0
AST-02306;trasformatore;Nord;18;47,2;2,75;73,7;75,8;3;128;critica;0
AST-02307;trasformatore;Centro;13;50,5;2,54;62,5;54,9;5;351;standard;1
AST-02308;turbina_eolica;Centro;10;48,6;1,74;60,7;69,9;3;144;alta;0
AST-02309;trasformatore;Centro;14;52,6;1,2;56,0;51,6;9;193;standard;0
AST-02310;trasformatore;Isole;27;42,7;1,13;87,5;58,5;2;336;alta;0
AST-02311;linea_AT;Isole;23;33,2;3,51;62,6;58,7;2;410;alta;1
AST-02312;trasformatore;Nord;14;41,6;1,86;73,9;68,7;5;263;standard;0
AST-02313;linea_AT;Centro;21;35,5;0,93;65,2;50,5;3;87;standard;0
AST-02314;cabina_primaria;Nord;20;47,9;3,14;87,1;41,5;3;52;standard;1
AST-02315;linea_AT;Nord;12;38,8;1,71;32,2;68,6;4;279;standard;0
AST-02316;trasformatore;Nord;8;41,1;0,34;73,5;68,1;3;219;critica;0
AST-02317;trasformatore;Nord;14;48,2;0,98;45,4;63,6;4;139;standard;0
AST-02318;linea_AT;Sud;26;35,3;1,72;75,0;75,1;3;477;alta;0
AST-02319;turbina_eolica;Centro;8;50,7;0,42;65,4;59,2;2;101;standard;0
AST-02320;trasformatore;Isole;20;29,9;2,13;41,4;65,9;2;454;standard;1
AST-02321;turbina_eolica;Nord;10;44,8;2,39;74,1;57,1;8;155;alta;0
AST-02322;turbina_eolica;Nord;13;41,2;3,33;72,0;58,4;4;209;standard;0
AST-02323;trasformatore;Centro;12;49,4;1,98;63,8;66,8;3;19;standard;0
AST-02324;linea_AT;Nord;18;29,6;1,02;66,1;93,7;8;139;standard;0
AST-02325;trasformatore;Nord;4;28,2;0,35;70,9;72,4;3;219;standard;0
AST-02326;trasformatore;Isole;16;48,8;0,34;89,2;69,7;0;375;critica;0
AST-02327;cabina_primaria;Nord;12;38,5;1,5;62,3;72,8;3;260;standard;0
AST-02328;trasformatore;Nord;13;41,2;1,5;86,2;29,1;3;258;standard;0
AST-02329;linea_AT;Centro;8;36,1;0,4;67,3;66,5;6;133;standard;0
AST-02330;turbina_eolica;Centro;13;50,2;2,09;91,3;74,7;3;276;standard;0
AST-02331;trasformatore;Centro;15;44,7;1,22;63,8;63,2;3;131;standard;0
AST-02332;cabina_primaria;Nord;12;44,2;0,76;56,0;61,4;3;164;standard;0
AST-02333;trasformatore;Sud;24;31,5;0,59;48,2;48,8;3;392;standard;0
AST-02334;trasformatore;Nord;10;46,5;4,35;67,4;55,9;4;93;standard;0
AST-02335;cabina_primaria;Centro;26;33,1;0,3;53,7;50,3;3;273;alta;0
AST-02336;linea_AT;Sud;26;36,1;5,13;93,3;76,0;0;300;standard;1
AST-02337;linea_AT;Sud;18;29,7;0,8;52,3;83,0;2;294;alta;0
AST-02338;trasformatore;Nord;15;40,6;5,44;55,6;89,1;5;217;standard;0
AST-02339;trasformatore;Centro;18;51,6;0,37;78,5;50,1;3;143;standard;0
AST-02340;linea_AT;Nord;21;44,0;2,23;89,3;52,6;0;89;critica;0
AST-02341;trasformatore;Nord;10;38,0;3,82;81,2;51,5;4;243;standard;0
AST-02342;trasformatore;Nord;19;43,0;3,87;87,1;47,7;6;169;standard;1
AST-02343;linea_AT;Sud;23;42,9;2,22;66,6;48,0;4;224;standard;1
AST-02344;trasformatore;Nord;23;42,6;2,0;66,8;54,8;5;228;standard;0
AST-02345;trasformatore;Sud;31;43,6;0,47;100,0;74,2;2;307;standard;0
AST-02346;trasformatore;Nord;15;32,6;3,15;98,4;52,0;4;48;standard;0
AST-02347;turbina_eolica;Sud;21;43,0;3,57;80,9;76,7;2;139;standard;0
AST-02348;linea_AT;Sud;26;26,2;1,74;87,9;81,1;1;412;standard;1
AST-02349;cabina_primaria;Nord;13;47,2;1,95;83,5;66,0;3;91;standard;0
AST-02350;trasformatore;Nord;24;32,1;8,09;46,3;79,2;6;60;standard;1
AST-02351;trasformatore;Nord;14;52,6;0,51;67,3;42,9;2;211;alta;0
AST-02352;turbina_eolica;Sud;21;20,0;2,26;94,9;54,2;2;404;alta;0
AST-02353;turbina_eolica;Nord;11;57,1;3,1;81,0;64,7;1;97;standard;0
AST-02354;turbina_eolica;Centro;10;27,2;0,33;66,9;65,1;3;283;standard;0
AST-02355;cabina_primaria;Centro;20;31,2;0,36;95,2;82,0;7;374;alta;0
AST-02356;turbina_eolica;Sud;18;44,7;0,93;74,6;48,0;1;448;standard;0
AST-02357;turbina_eolica;Centro;24;47,6;1,0;81,6;54,5;3;305;critica;0
AST-02358;cabina_primaria;Centro;9;39,4;0,88;74,7;60,8;4;235;alta;0
AST-02359;trasformatore;Isole;26;50,0;1,03;77,7;54,7;2;345;standard;0
AST-02360;cabina_primaria;Nord;21;34,8;1,05;79,0;47,4;8;156;alta;0
AST-02361;turbina_eolica;Sud;10;38,4;1,72;91,4;55,3;0;375;standard;0
AST-02362;turbina_eolica;Nord;26;39,3;0,78;93,7;58,6;7;59;standard;0
AST-02363;cabina_primaria;Centro;14;37,2;1,37;59,9;82,3;2;148;critica;0
AST-02364;turbina_eolica;Isole;26;24,6;1,66;74,4;47,7;2;266;alta;0
AST-02365;turbina_eolica;Sud;26;41,8;1,22;90,9;73,4;3;359;standard;0
AST-02366;trasformatore;Sud;27;41,0;2,26;65,6;79,8;2;347;alta;0
AST-02367;linea_AT;Nord;16;51,7;4,19;44,4;54,8;5;108;standard;1
AST-02368;linea_AT;Centro;23;30,4;0,49;51,6;65,6;3;276;alta;0
AST-02369;trasformatore;Nord;17;36,2;0,73;52,9;70,1;3;76;critica;0
AST-02370;linea_AT;Centro;28;52,8;2,82;59,8;67,8;2;155;alta;1
AST-02371;linea_AT;Centro;20;44,6;2,06;54,6;63,2;3;272;standard;0
AST-02372;turbina_eolica;Nord;26;46,9;2,98;86,5;52,5;3;234;standard;1
AST-02373;trasformatore;Nord;19;46,1;2,7;63,0;71,3;3;96;alta;1
AST-02374;turbina_eolica;Nord;3;46,1;1,02;90,7;56,8;4;179;standard;0
AST-02375;trasformatore;Nord;30;58,4;4,4;47,7;62,4;5;98;critica;1
AST-02376;trasformatore;Nord;11;42,8;4,47;61,6;64,5;4;144;standard;0
AST-02377;turbina_eolica;Sud;32;32,9;0,75;69,9;74,0;1;352;standard;0
AST-02378;trasformatore;Centro;17;47,7;4,01;82,6;89,0;5;255;standard;1
AST-02379;trasformatore;Nord;20;36,9;4,29;88,6;51,7;6;185;standard;0
AST-02380;linea_AT;Sud;19;41,0;5,33;58,3;62,7;2;362;standard;0
AST-02381;trasformatore;Sud;27;45,3;2,73;85,9;41,2;3;254;standard;0
AST-02382;cabina_primaria;Nord;12;34,6;1,31;37,7;82,7;7;191;critica;0
AST-02383;cabina_primaria;Nord;23;37,4;0,96;83,7;62,6;3;204;standard;0
AST-02384;linea_AT;Nord;17;46,3;1,31;43,9;57,8;7;215;standard;0
AST-02385;cabina_primaria;Nord;20;37,1;0,56;76,0;62,7;4;102;standard;0
AST-02386;cabina_primaria;Sud;10;50,8;2,3;88,3;63,4;1;413;alta;0
AST-02387;trasformatore;Isole;24;33,1;1,49;84,0;51,8;1;275;standard;0
AST-02388;linea_AT;Nord;16;33,1;0,47;38,5;78,6;6;126;alta;0
AST-02389;trasformatore;Sud;24;59,2;0,98;59,9;71,0;2;318;standard;1
AST-02390;linea_AT;Nord;20;28,2;3,79;80,9;73,0;4;59;standard;0
AST-02391;turbina_eolica;Centro;15;41,8;2,33;80,4;52,5;5;187;standard;0
AST-02392;trasformatore;Sud;23;58,7;0,89;73,0;51,7;4;358;standard;0
AST-02393;trasformatore;Nord;21;41,7;5,24;28,4;60,4;4;15;standard;0
AST-02394;cabina_primaria;Nord;1;54,1;2,11;89,6;73,2;4;128;standard;0
AST-02395;trasformatore;Centro;21;47,9;0,62;92,8;69,0;4;70;standard;0
AST-02396;trasformatore;Isole;23;41,9;1,31;70,9;51,1;1;543;alta;1
AST-02397;trasformatore;Nord;9;40,8;0,44;72,1;71,3;3;177;standard;0
AST-02398;turbina_eolica;Nord;16;22,9;4,4;77,1;48,4;3;170;alta;0
AST-02399;cabina_primaria;Nord;21;39,1;3,04;94,3;52,7;1;179;standard;0
AST-02400;linea_AT;Centro;23;44,1;0,92;72,5;64,2;2;258;alta;0
